time,email,name,company,job_title,linkedin_url,website,bio,class,country,city,school,education_program,status,accessibility
2023-08-22 19:13:16,aya.vanleeuwen0@example.com,Aya Van Leeuwen,Heijmans,Research Scientist,,,,V6A,Frankrijk,Twente,Delft University of Technology,Economie & Business,Afgestudeert vwo/havo,Yes
2023-05-28 13:10:44,white.j1@example.com,Julia White,Brekke,,https://linkedin.com/in/julia-white-1,,,V6C,Engeland,Delft,Leiden University,Rechten,Afgestudeert vwo/havo,No
2025-10-01 15:05:07,ryan2@example.com,Ryan Moore,,,https://linkedin.com/in/ryan-moore-2,,,V6B,Nederland,Eindhoven,Leiden University,Computer Science,bezig met masters,No
2026-09-23 11:07:33,ali3@example.com,Ali Postma,,,,,Innovative thinker and professional with a track record in blockchain technology. Alumni of Leiden University.,V6B,Duitsland,Den Haag,Leiden University,Gezondheidszorg & Geneeskunde,Afgestudeert vwo/havo,No
2023-07-13 21:10:21,vanderzanden.m4@example.com,Max Van der Zanden,Arcadis,Sales Representative,https://linkedin.com/in/max-van-der-zanden-4,https://maxvanderzanden4.com,,V6B,Engeland,Delft,Delft University of Technology,Rechten,bezig met masters,No
2022-01-19 07:09:23,youssefv5@example.com,Youssef Van der Zwan,Heijmans,,https://linkedin.com/in/youssef-van-der-zwan-5,,"Experienced professional dedicated to improving accessibility. Alumni of Leiden University, class of 2022.",V6B,Frankrijk,Twente,Leiden University,Rechten,Afgestudeert vwo/havo,No
2024-03-02 10:08:13,mulder.b6@example.com,Boaz Mulder,Cloudflare,Partner,,https://boazmulder6.com,,V6C,Nederland,Eindhoven,Leiden University,Computer Science,bezig met bachelors,Yes
2023-05-21 23:13:33,jens7@example.com,Jens Peters,,Professor,https://linkedin.com/in/jens-peters-7,,,V6C,Frankrijk,Amsterdam,Vrije University Amsterdam,Gezondheidszorg & Geneeskunde,bezig met bachelors,Yes
2026-12-27 18:06:04,sem.gonzalez8@example.com,Sem Gonzalez,Freelance,,,,,V6A,Verenigde Staten,Twente,Vrije University Amsterdam,Rechten,bezig met bachelors,No
2026-01-23 20:44:35,yara9@example.com,Yara White,,Translator,https://linkedin.com/in/yara-white-9,,,V6C,Frankrijk,Den Haag,Vrije University Amsterdam,Rechten,Afgestudeert vwo/havo,Yes
2022-09-13 22:09:51,oliver.verbeek10@example.com,Oliver Verbeek,Brekke,Paralegal,https://linkedin.com/in/oliver-verbeek-10,,,V6C,Frankrijk,Twente,Erasmus University Rotterdam,Talen & Cultuur,bezig met bachelors,Yes
2024-04-18 04:13:44,vanderhorst.s11@example.com,Sven Van der Horst,,Project Manager,https://linkedin.com/in/sven-van-der-horst-11,,,V6A,Verenigde Staten,Den Haag,Erasmus University Rotterdam,Bèta & Techniek,bezig met bachelors,Yes
2022-06-01 14:59:40,finn.white12@example.com,Finn White,,,,,,V6B,Engeland,Den Haag,Eindhoven University of Technology,Economie & Business,Afgestudeert vwo/havo,No
2025-07-15 06:54:18,maas.h13@example.com,Hugo Maas,Freelance,Social Media Manager,https://linkedin.com/in/hugo-maas-13,https://hugomaas13.com,Detail-oriented professional with a background in Gezondheidszorg & Geneeskunde. Currently social media manager at Freelance.,V6C,Frankrijk,Amsterdam,University of Twente,Gezondheidszorg & Geneeskunde,Afgestudeert vwo/havo,Yes
2026-03-21 07:50:01,liv.mulder14@example.com,Liv Mulder,VolkerWessels,Junior Analyst,https://linkedin.com/in/liv-mulder-14,,Results-oriented junior analyst with 0 years of experience in biomedical research. Based in Twente.,V6C,Nederland,Twente,University of Twente,Bèta & Techniek,bezig met masters,No
2026-12-08 11:23:33,william15@example.com,William Thompson,TomTom,,,,,V6A,Frankrijk,Den Haag,Vrije University Amsterdam,Gezondheidszorg & Geneeskunde,Afgestudeert vwo/havo,No
2026-02-22 03:41:02,verhoeven.j16@example.com,Jesse Verhoeven,,,https://linkedin.com/in/jesse-verhoeven-16,,,V6C,Frankrijk,Amsterdam,University of Twente,Bèta & Techniek,bezig met bachelors,Yes
2026-01-18 02:55:06,charlotteh17@example.com,Charlotte Hernandez,Ahold Delhaize,,https://linkedin.com/in/charlotte-hernandez-17,,,V6B,Frankrijk,Twente,Leiden University,Economie & Business,Afgestudeert vwo/havo,No
2024-01-17 05:52:23,gabriel18@example.com,Gabriel Brouwer,Palantir,Trader,https://linkedin.com/in/gabriel-brouwer-18,https://gabrielbrouwer18.com,,V6C,Verenigde Staten,Eindhoven,Delft University of Technology,Gezondheidszorg & Geneeskunde,bezig met masters,Yes
2023-12-26 00:50:46,avas19@example.com,Ava Schouten,Deloitte,Associate,,,,V6C,Verenigde Staten,Den Haag,Erasmus University Rotterdam,Rechten,bezig met bachelors,Yes
2024-04-18 04:46:07,stijn20@example.com,Stijn Van der Heijden,Deloitte,DevOps Engineer,,,,V6B,Duitsland,Delft,Erasmus University Rotterdam,Rechten,Afgestudeert vwo/havo,Yes
2024-07-17 14:48:30,ahmed21@example.com,Ahmed Rodriguez,,Architect,https://linkedin.com/in/ahmed-rodriguez-21,,,V6B,Nederland,Amsterdam,Vrije University Amsterdam,Talen & Cultuur,bezig met bachelors,No
2025-09-15 15:13:09,lara22@example.com,Lara Van der Veen,SpaceX,CEO,,,,V6C,Verenigde Staten,Delft,Eindhoven University of Technology,Economie & Business,bezig met masters,No
2024-03-22 15:02:40,zainab23@example.com,Zainab Van der Horst,Royal HaskoningDHV,Teacher,https://linkedin.com/in/zainab-van-der-horst-23,,,V6C,Verenigde Staten,Eindhoven,Vrije University Amsterdam,Gezondheidszorg & Geneeskunde,bezig met bachelors,Yes
2022-10-19 17:06:53,casper24@example.com,Casper Moore,Palantir,CTO,https://linkedin.com/in/casper-moore-24,,,V6C,Verenigde Staten,Amsterdam,Leiden University,Bèta & Techniek,bezig met masters,No
2025-04-05 18:05:59,evav25@example.com,Eva Van Veen,Heineken,Account Manager,https://linkedin.com/in/eva-van-veen-25,,,V6B,Engeland,Eindhoven,Erasmus University Rotterdam,Computer Science,bezig met masters,No
2026-12-13 04:41:30,omar.jansen26@example.com,Omar Jansen,,CFO,https://linkedin.com/in/omar-jansen-26,,,V6A,Engeland,Den Haag,Eindhoven University of Technology,Computer Science,bezig met masters,No
2024-01-31 02:11:49,jones.d27@example.com,Daniel Jones,,Nurse,,,Driven professional with expertise in urban planning. Currently nurse at a leading organization.,V6B,Verenigde Staten,Delft,Vrije University Amsterdam,Talen & Cultuur,bezig met masters,Yes
2026-08-15 20:00:52,irisd28@example.com,Iris De Groot,Spotify,Paralegal,https://linkedin.com/in/iris-de-groot-28,,Passionate paralegal with a strong background in renewable energy. Currently working at Spotify where I focus on building scalable systems.,V6C,Engeland,Twente,Delft University of Technology,Rechten,bezig met bachelors,No
2025-06-01 00:24:42,vandervelden.l29@example.com,Lisa Van der Velden,,,https://linkedin.com/in/lisa-van-der-velden-29,,,V6C,Frankrijk,Den Haag,Eindhoven University of Technology,Rechten,bezig met bachelors,No
2023-06-29 07:20:29,ahmedv30@example.com,Ahmed Van der Burg,,,,,,V6B,Frankrijk,Eindhoven,University of Twente,Economie & Business,Afgestudeert vwo/havo,No
2026-05-16 21:52:00,tess31@example.com,Tess De Haan,Tauw,Supply Chain Analyst,https://linkedin.com/in/tess-de-haan-31,,,V6B,Duitsland,Amsterdam,Eindhoven University of Technology,Economie & Business,bezig met masters,Yes
2025-04-10 12:21:51,lucas.white32@example.com,Lucas White,,,https://linkedin.com/in/lucas-white-32,https://lucaswhite32.com,"Experienced professional dedicated to empowering teams. Alumni of Eindhoven University of Technology, class of 2025.",V6A,Verenigde Staten,Den Haag,Eindhoven University of Technology,Computer Science,Afgestudeert vwo/havo,Yes
2026-08-08 18:52:25,charlotte.anderson33@example.com,Charlotte Anderson,,Supply Chain Analyst,https://linkedin.com/in/charlotte-anderson-33,,Results-oriented supply chain analyst with 2 years of experience in corporate strategy. Based in Den Haag.,V6A,Frankrijk,Den Haag,Delft University of Technology,Computer Science,bezig met bachelors,Yes
2025-12-24 03:27:28,lucas34@example.com,Lucas Jones,Shopify,,https://linkedin.com/in/lucas-jones-34,,"Ambitious professional focused on reducing environmental impact. Former student at Eindhoven University of Technology, now making an impact at Shopify.",V6C,Engeland,Den Haag,Eindhoven University of Technology,Rechten,bezig met masters,No
2024-04-10 08:01:08,lieke.vanderheijden35@example.com,Lieke Van der Heijden,Databricks,Customer Success Manager,https://linkedin.com/in/lieke-van-der-heijden-35,,,V6B,Nederland,Twente,Leiden University,Rechten,bezig met bachelors,Yes
2023-09-26 15:55:25,boaz.vanderlaan36@example.com,Boaz Van der Laan,Fugro,Compliance Officer,https://linkedin.com/in/boaz-van-der-laan-36,,,V6C,Engeland,Twente,Eindhoven University of Technology,Economie & Business,Afgestudeert vwo/havo,No
2024-10-15 12:09:12,ali37@example.com,Ali Anderson,,Partner,https://linkedin.com/in/ali-anderson-37,,,V6B,Duitsland,Delft,Erasmus University Rotterdam,Economie & Business,bezig met masters,Yes
2024-01-22 04:13:09,adam38@example.com,Adam Johnson,,Project Manager,,,,V6B,Verenigde Staten,Delft,Delft University of Technology,Computer Science,bezig met masters,Yes
2023-11-12 00:23:31,charlotte39@example.com,Charlotte De Vries,Palantir,Marketing Manager,https://linkedin.com/in/charlotte-de-vries-39,,Alumni from Eindhoven University of Technology specializing in Economie & Business. Working as marketing manager with a passion for advancing medical technology.,V6A,Nederland,Twente,Eindhoven University of Technology,Economie & Business,bezig met masters,Yes
2026-03-22 16:43:25,lynnv40@example.com,Lynn Van der Mark,,Actuary,https://linkedin.com/in/lynn-van-der-mark-40,,Alumni from Vrije University Amsterdam specializing in Economie & Business. Working as actuary with a passion for enhancing customer satisfaction.,V6B,Duitsland,Eindhoven,Vrije University Amsterdam,Economie & Business,bezig met masters,Yes
2026-08-31 17:57:46,levi.hernandez41@example.com,Levi Hernandez,Stripe,Postdoc Researcher,https://linkedin.com/in/levi-hernandez-41,https://levihernandez41.com,,V6B,Duitsland,Twente,Delft University of Technology,Computer Science,Afgestudeert vwo/havo,No
2025-09-29 17:59:26,irisv42@example.com,Iris Van Veen,,,https://linkedin.com/in/iris-van-veen-42,,,V6B,Frankrijk,Eindhoven,Leiden University,Talen & Cultuur,Afgestudeert vwo/havo,No
2026-09-19 02:07:06,jones.l43@example.com,Luuk Jones,Heineken,,,,Innovative thinker and professional with a track record in financial modeling. Alumni of University of Twente.,V6A,Nederland,Den Haag,University of Twente,Bèta & Techniek,bezig met masters,Yes
2026-05-09 01:59:34,white.f44@example.com,Floris White,,Graduate Trainee,https://linkedin.com/in/floris-white-44,,,V6A,Engeland,Delft,Eindhoven University of Technology,Gezondheidszorg & Geneeskunde,bezig met bachelors,Yes
2024-03-13 20:23:45,maas.b45@example.com,Britt Maas,,Claims Handler,https://linkedin.com/in/britt-maas-45,,Innovative thinker and claims handler with a track record in quantitative analysis. Alumni of Delft University of Technology.,V6A,Engeland,Eindhoven,Delft University of Technology,Computer Science,bezig met masters,No
2025-08-03 11:21:22,linas46@example.com,Lina Smit,KPMG,,https://linkedin.com/in/lina-smit-46,,,V6A,Nederland,Eindhoven,Erasmus University Rotterdam,Computer Science,Afgestudeert vwo/havo,No
2025-05-29 23:16:50,vanleeuwen.b47@example.com,Bram Van Leeuwen,,Aerospace Engineer,https://linkedin.com/in/bram-van-leeuwen-47,,,V6C,Duitsland,Twente,Eindhoven University of Technology,Talen & Cultuur,Afgestudeert vwo/havo,No
2026-06-23 10:07:24,boazg48@example.com,Boaz Garcia,,Investment Banker,https://linkedin.com/in/boaz-garcia-48,,Results-oriented investment banker with 1 years of experience in blockchain technology. Based in Delft.,V6B,Nederland,Delft,University of Twente,Gezondheidszorg & Geneeskunde,bezig met masters,No
2025-01-15 09:02:52,hugov49@example.com,Hugo Van den Broek,,Logistics Coordinator,https://linkedin.com/in/hugo-van-den-broek-49,,,V6A,Duitsland,Twente,University of Twente,Talen & Cultuur,bezig met bachelors,Yes
2025-06-04 08:48:47,maud.verbeek50@example.com,Maud Verbeek,,COO,,https://maudverbeek50.com,,V6A,Engeland,Den Haag,Delft University of Technology,Talen & Cultuur,bezig met bachelors,No
2024-09-26 12:33:34,lee.r51@example.com,Ruben Lee,,HR Specialist,https://linkedin.com/in/ruben-lee-51,,,V6B,Verenigde Staten,Amsterdam,Eindhoven University of Technology,Economie & Business,bezig met masters,Yes
2025-04-04 12:41:46,sophie52@example.com,Sophie Janssen,,Operations Manager,https://linkedin.com/in/sophie-janssen-52,,Innovative thinker and operations manager with a track record in product design. Alumni of Erasmus University Rotterdam.,V6B,Frankrijk,Den Haag,Erasmus University Rotterdam,Rechten,Afgestudeert vwo/havo,No
2025-06-14 18:50:45,smits.a53@example.com,Aya Smits,Philips,,https://linkedin.com/in/aya-smits-53,,"Ambitious professional focused on expanding market reach. Former student at Eindhoven University of Technology, now making an impact at Philips.",V6C,Verenigde Staten,Amsterdam,Eindhoven University of Technology,Gezondheidszorg & Geneeskunde,bezig met masters,No
2026-10-17 09:30:28,sannep54@example.com,Sanne Peters,Amazon,Social Media Manager,https://linkedin.com/in/sanne-peters-54,,,V6B,Duitsland,Amsterdam,Vrije University Amsterdam,Computer Science,bezig met masters,Yes
2026-05-07 21:14:34,bramp55@example.com,Bram Perez,Rabobank,,https://linkedin.com/in/bram-perez-55,,"Experienced professional dedicated to ensuring data privacy. Alumni of Leiden University, class of 2026.",V6B,Nederland,Eindhoven,Leiden University,Computer Science,Afgestudeert vwo/havo,Yes
2026-11-09 11:18:01,amy56@example.com,Amy Jones,,Business Development,,,Recent graduate from Delft University of Technology with a degree in Rechten. Now working as business development at a leading organization.,V6B,Nederland,Twente,Delft University of Technology,Rechten,Afgestudeert vwo/havo,No
2025-09-04 18:23:37,dekker.o57@example.com,Oscar Dekker,Strukton,,,https://oscardekker57.com,,V6A,Engeland,Amsterdam,Vrije University Amsterdam,Bèta & Techniek,bezig met bachelors,Yes
2025-10-10 04:23:41,luca.dejong58@example.com,Luca De Jong,,Founder,https://linkedin.com/in/luca-de-jong-58,,,V6C,Verenigde Staten,Twente,Eindhoven University of Technology,Gezondheidszorg & Geneeskunde,bezig met masters,No
2025-09-08 10:13:17,fenna.white59@example.com,Fenna White,,Graphic Designer,https://linkedin.com/in/fenna-white-59,,,V6B,Engeland,Den Haag,Leiden University,Economie & Business,bezig met masters,No
2026-03-21 16:39:16,kevinv60@example.com,Kevin Van der Laan,,,,https://kevinvanderlaan60.com,,V6A,Frankrijk,Amsterdam,Delft University of Technology,Gezondheidszorg & Geneeskunde,Afgestudeert vwo/havo,Yes
2025-01-11 00:17:18,linah61@example.com,Lina Hernandez,BAM Groep,Biomedical Engineer,,,,V6B,Verenigde Staten,Den Haag,Vrije University Amsterdam,Gezondheidszorg & Geneeskunde,Afgestudeert vwo/havo,Yes
2025-08-27 21:12:40,lisa62@example.com,Lisa Koning,Strukton,Investment Banker,https://linkedin.com/in/lisa-koning-62,,,V6B,Engeland,Delft,Vrije University Amsterdam,Bèta & Techniek,Afgestudeert vwo/havo,No
2022-04-17 19:20:05,ali63@example.com,Ali Miller,Shell,Business Development,,,Innovative thinker and business development with a track record in supply chain optimization. Alumni of Delft University of Technology.,V6A,Engeland,Twente,Delft University of Technology,Economie & Business,bezig met bachelors,Yes
2026-06-04 20:26:04,jones.h64@example.com,Hugo Jones,PwC,,,,,V6C,Verenigde Staten,Twente,Eindhoven University of Technology,Rechten,bezig met bachelors,No
2026-08-05 01:45:04,peeters.b65@example.com,Benjamin Peeters,Ballast Nedam,Aerospace Engineer,,,,V6A,Nederland,Amsterdam,Eindhoven University of Technology,Economie & Business,bezig met masters,No
2023-07-07 06:19:51,lynn66@example.com,Lynn Lopez,Stripe,Trader,,,,V6B,Frankrijk,Delft,Leiden University,Economie & Business,bezig met masters,Yes
2022-04-17 03:03:52,charlotte67@example.com,Charlotte Van Loon,Brekke,Trader,,,Alumni from Delft University of Technology specializing in Bèta & Techniek. Working as trader with a passion for building scalable systems.,V6C,Frankrijk,Eindhoven,Delft University of Technology,Bèta & Techniek,bezig met masters,No
2026-03-02 10:06:35,vanderlinden.l68@example.com,Liv Van der Linden,Shell,COO,https://linkedin.com/in/liv-van-der-linden-68,,,V6B,Verenigde Staten,Delft,Leiden University,Computer Science,bezig met bachelors,Yes
2025-04-30 18:40:37,feline.smit69@example.com,Feline Smit,Tesla,Actuary,https://linkedin.com/in/feline-smit-69,,,V6C,Nederland,Delft,Eindhoven University of Technology,Economie & Business,bezig met bachelors,No
2023-05-28 15:47:24,kevin.taylor70@example.com,Kevin Taylor,Witteveen+Bos,,,,Driven professional with expertise in machine learning. Currently professional at Witteveen+Bos.,V6B,Duitsland,Amsterdam,Delft University of Technology,Talen & Cultuur,bezig met masters,No
2023-08-29 01:20:42,janssen.a71@example.com,Adam Janssen,TomTom,,https://linkedin.com/in/adam-janssen-71,,,V6C,Engeland,Delft,Delft University of Technology,Talen & Cultuur,Afgestudeert vwo/havo,No
2026-05-16 16:24:48,vanderheijden.c72@example.com,Charlotte Van der Heijden,,Data Analyst,,,,V6A,Nederland,Eindhoven,University of Twente,Economie & Business,bezig met masters,Yes
2025-12-09 13:17:04,youssefv73@example.com,Youssef Van der Linden,Ballast Nedam,,https://linkedin.com/in/youssef-van-der-linden-73,,,V6A,Verenigde Staten,Twente,Eindhoven University of Technology,Bèta & Techniek,bezig met masters,No
2026-01-30 19:11:05,zoe.vanderspoel74@example.com,Zoe Van der Spoel,Witteveen+Bos,,https://linkedin.com/in/zoe-van-der-spoel-74,,,V6A,Duitsland,Twente,Eindhoven University of Technology,Economie & Business,Afgestudeert vwo/havo,No
2022-10-02 19:30:44,tessa.anderson75@example.com,Tessa Anderson,Fugro,Account Manager,https://linkedin.com/in/tessa-anderson-75,,,V6B,Nederland,Delft,University of Twente,Economie & Business,bezig met masters,Yes
2024-10-08 01:41:11,gijsd76@example.com,Gijs Davis,Sweco,Network Engineer,,https://gijsdavis76.com,,V6C,Duitsland,Amsterdam,Leiden University,Economie & Business,bezig met masters,No
2025-01-08 01:55:15,casper77@example.com,Casper Van der Linden,Uber,Accountant,https://linkedin.com/in/casper-van-der-linden-77,,,V6B,Verenigde Staten,Eindhoven,Delft University of Technology,Computer Science,bezig met masters,No
2025-12-07 08:34:21,liv78@example.com,Liv Groen,,Policy Advisor,,,"Experienced policy advisor dedicated to optimizing business processes. Alumni of Vrije University Amsterdam, class of 2025.",V6B,Nederland,Eindhoven,Vrije University Amsterdam,Computer Science,bezig met masters,Yes
2026-03-17 08:21:42,livm79@example.com,Liv Martin,Heineken,Editor,,,,V6C,Engeland,Den Haag,Vrije University Amsterdam,Rechten,bezig met bachelors,No
2026-08-04 08:41:39,vanderspoel.l80@example.com,Lara Van der Spoel,,,https://linkedin.com/in/lara-van-der-spoel-80,,,V6A,Verenigde Staten,Eindhoven,Erasmus University Rotterdam,Gezondheidszorg & Geneeskunde,Afgestudeert vwo/havo,No
2023-02-01 16:37:04,lina81@example.com,Lina Verhoeven,Consultant,Portfolio Manager,https://linkedin.com/in/lina-verhoeven-81,,,V6B,Duitsland,Amsterdam,Eindhoven University of Technology,Economie & Business,bezig met bachelors,No
2022-03-25 18:02:52,sophie.peeters82@example.com,Sophie Peeters,,Biomedical Engineer,https://linkedin.com/in/sophie-peeters-82,,Detail-oriented professional with a background in Bèta & Techniek. Currently biomedical engineer at a leading organization.,V6B,Verenigde Staten,Twente,Eindhoven University of Technology,Bèta & Techniek,Afgestudeert vwo/havo,Yes
2026-04-24 02:51:06,sem.vandervelden83@example.com,Sem Van der Velden,Shopify,,https://linkedin.com/in/sem-van-der-velden-83,https://semvandervelden83.com,,V6B,Frankrijk,Eindhoven,Delft University of Technology,Computer Science,bezig met masters,Yes
2026-01-17 21:46:12,guuss84@example.com,Guus Schouten,AkzoNobel,Accountant,https://linkedin.com/in/guus-schouten-84,,Results-oriented accountant with 1 years of experience in software development. Based in Eindhoven.,V6C,Frankrijk,Eindhoven,Vrije University Amsterdam,Bèta & Techniek,Afgestudeert vwo/havo,No
2026-07-05 20:14:01,lucasv85@example.com,Lucas Van Loon,Deloitte,,,,,V6A,Duitsland,Eindhoven,Leiden University,Computer Science,Afgestudeert vwo/havo,No
2024-11-30 19:42:48,oliverk86@example.com,Oliver Kuipers,Vopak,,https://linkedin.com/in/oliver-kuipers-86,,,V6B,Frankrijk,Twente,Leiden University,Economie & Business,bezig met masters,Yes
2025-11-16 08:46:34,vanderzee.r87@example.com,Roos Van der Zee,Spotify,Physical Therapist,https://linkedin.com/in/roos-van-der-zee-87,,,V6C,Duitsland,Amsterdam,University of Twente,Talen & Cultuur,Afgestudeert vwo/havo,No
2024-11-03 09:06:28,sara.vandenbroek88@example.com,Sara Van den Broek,Royal HaskoningDHV,,,,Recent graduate from Delft University of Technology with a degree in Computer Science. Now working as professional at Royal HaskoningDHV.,V6B,Duitsland,Twente,Delft University of Technology,Computer Science,bezig met bachelors,No
2024-01-30 20:37:26,vanderlinden.s89@example.com,Sophie Van der Linden,Adyen,IT Support,https://linkedin.com/in/sophie-van-der-linden-89,,Detail-oriented professional with a background in Talen & Cultuur. Currently it support at Adyen.,V6A,Frankrijk,Den Haag,University of Twente,Talen & Cultuur,bezig met bachelors,No
2026-04-21 21:46:09,hanav90@example.com,Hana Van der Laan,,Physical Therapist,https://linkedin.com/in/hana-van-der-laan-90,,"Ambitious physical therapist focused on creating sustainable solutions. Former student at Leiden University, now making an impact at a leading organization.",V6C,Nederland,Delft,Leiden University,Computer Science,bezig met bachelors,Yes
2026-10-04 10:32:30,isabellav91@example.com,Isabella Van der Stelt,,Consultant,,,,V6B,Duitsland,Amsterdam,Vrije University Amsterdam,Bèta & Techniek,bezig met bachelors,No
2026-10-07 04:21:03,sofiaj92@example.com,Sofia Jacobs,Startup,Partner,https://linkedin.com/in/sofia-jacobs-92,,Creative problem-solver working as partner at Startup. Graduated from Delft University of Technology in 2026.,V6C,Verenigde Staten,Eindhoven,Delft University of Technology,Economie & Business,bezig met bachelors,No
2024-03-03 21:38:29,william.peeters93@example.com,William Peeters,,Partner,https://linkedin.com/in/william-peeters-93,,,V6A,Engeland,Eindhoven,Delft University of Technology,Economie & Business,bezig met masters,Yes
2025-03-07 11:48:01,david94@example.com,David Van Veen,,Content Creator,,,Innovative thinker and content creator with a track record in financial modeling. Alumni of Erasmus University Rotterdam.,V6C,Frankrijk,Delft,Erasmus University Rotterdam,Computer Science,bezig met bachelors,Yes
2026-09-24 00:34:38,pim.janssen95@example.com,Pim Janssen,Strukton,Intern,https://linkedin.com/in/pim-janssen-95,,,V6B,Frankrijk,Delft,University of Twente,Gezondheidszorg & Geneeskunde,bezig met bachelors,Yes
2024-06-30 03:50:22,hugo.deboer96@example.com,Hugo De Boer,Shopify,Lawyer,https://linkedin.com/in/hugo-de-boer-96,https://hugodeboer96.com,,V6C,Duitsland,Delft,Eindhoven University of Technology,Rechten,bezig met bachelors,Yes
2025-07-19 21:34:59,lottev97@example.com,Lotte Van der Heijden,Royal HaskoningDHV,,,,,V6A,Duitsland,Eindhoven,University of Twente,Gezondheidszorg & Geneeskunde,Afgestudeert vwo/havo,Yes
2023-04-13 17:03:57,hoekstra.m98@example.com,Mia Hoekstra,,Systems Administrator,https://linkedin.com/in/mia-hoekstra-98,,,V6C,Engeland,Delft,Vrije University Amsterdam,Economie & Business,Afgestudeert vwo/havo,No
2026-05-12 16:30:14,yaras99@example.com,Yara Smit,Sweco,Co-Founder,https://linkedin.com/in/yara-smit-99,,Results-oriented co-founder with 0 years of experience in marketing strategy. Based in Amsterdam.,V6C,Frankrijk,Amsterdam,Erasmus University Rotterdam,Economie & Business,bezig met bachelors,No
2026-10-15 02:57:21,jens.janssen100@example.com,Jens Janssen,Aerius,,https://linkedin.com/in/jens-janssen-100,https://jensjanssen100.com,Innovative thinker and professional with a track record in artificial intelligence. Alumni of Vrije University Amsterdam.,V6C,Verenigde Staten,Delft,Vrije University Amsterdam,Gezondheidszorg & Geneeskunde,Afgestudeert vwo/havo,No
2026-08-15 14:49:52,david101@example.com,David Gonzalez,ING Groep,Mechanical Engineer,,,Detail-oriented professional with a background in Gezondheidszorg & Geneeskunde. Currently mechanical engineer at ING Groep.,V6C,Nederland,Eindhoven,Eindhoven University of Technology,Gezondheidszorg & Geneeskunde,bezig met masters,Yes
2025-08-06 19:50:37,oliver.wilson102@example.com,Oliver Wilson,Palantir,Aerospace Engineer,https://linkedin.com/in/oliver-wilson-102,,,V6C,Frankrijk,Twente,University of Twente,Computer Science,Afgestudeert vwo/havo,Yes
2025-03-29 07:54:45,johnson.a103@example.com,Ali Johnson,DSM,CEO,https://linkedin.com/in/ali-johnson-103,,Alumni from Eindhoven University of Technology specializing in Rechten. Working as ceo with a passion for developing innovative products.,V6C,Duitsland,Eindhoven,Eindhoven University of Technology,Rechten,Afgestudeert vwo/havo,No
2024-06-20 19:14:39,omar104@example.com,Omar Williams,Brekke,Intern,,,,V6B,Duitsland,Den Haag,Leiden University,Economie & Business,bezig met bachelors,Yes
2022-08-02 17:39:27,oscar105@example.com,Oscar Willems,VolkerWessels,COO,https://linkedin.com/in/oscar-willems-105,,"Experienced coo dedicated to bridging technology and society. Alumni of University of Twente, class of 2022.",V6A,Engeland,Delft,University of Twente,Talen & Cultuur,Afgestudeert vwo/havo,Yes
2026-03-09 23:43:19,sannew106@example.com,Sanne White,,Content Creator,https://linkedin.com/in/sanne-white-106,,,V6A,Frankrijk,Den Haag,Vrije University Amsterdam,Computer Science,bezig met masters,Yes
2026-02-22 02:50:02,bakker.l107@example.com,Levi Bakker,,Social Media Manager,,https://levibakker107.com,"Ambitious social media manager focused on advancing medical technology. Former student at Leiden University, now making an impact at a leading organization.",V6C,Frankrijk,Amsterdam,Leiden University,Gezondheidszorg & Geneeskunde,bezig met bachelors,No
2022-09-17 21:55:00,verhoeven.t108@example.com,Thijs Verhoeven,AkzoNobel,Network Engineer,,,,V6A,Verenigde Staten,Eindhoven,University of Twente,Talen & Cultuur,bezig met bachelors,No
2025-09-27 01:04:16,ella109@example.com,Ella Johnson,,Logistics Coordinator,https://linkedin.com/in/ella-johnson-109,,,V6B,Duitsland,Eindhoven,University of Twente,Bèta & Techniek,Afgestudeert vwo/havo,No
2023-10-18 09:23:37,dekker.z110@example.com,Zainab Dekker,Airbnb,Data Analyst,,,Results-oriented data analyst with 5 years of experience in operations management. Based in Eindhoven.,V6B,Duitsland,Eindhoven,Erasmus University Rotterdam,Rechten,Afgestudeert vwo/havo,No
2026-12-17 15:31:39,ethanr111@example.com,Ethan Rodriguez,,Postdoc Researcher,,https://ethanrodriguez111.com,Innovative thinker and postdoc researcher with a track record in financial modeling. Alumni of Delft University of Technology.,V6B,Frankrijk,Delft,Delft University of Technology,Bèta & Techniek,Afgestudeert vwo/havo,Yes
2025-04-30 16:20:54,floris.vanderspoel112@example.com,Floris Van der Spoel,Freelance,CTO,https://linkedin.com/in/floris-van-der-spoel-112,https://florisvanderspoel112.com,Creative problem-solver working as cto at Freelance. Graduated from Eindhoven University of Technology in 2025.,V6A,Frankrijk,Twente,Eindhoven University of Technology,Bèta & Techniek,Afgestudeert vwo/havo,No
2024-12-12 03:49:52,casper.deboer113@example.com,Casper De Boer,Adyen,Sales Representative,,https://casperdeboer113.com,,V6B,Nederland,Delft,Eindhoven University of Technology,Rechten,Afgestudeert vwo/havo,No
2026-06-29 19:30:32,jayden.dehaan114@example.com,Jayden De Haan,,Database Administrator,https://linkedin.com/in/jayden-de-haan-114,,Detail-oriented professional with a background in Rechten. Currently database administrator at a leading organization.,V6B,Frankrijk,Den Haag,University of Twente,Rechten,Afgestudeert vwo/havo,Yes
2024-09-17 23:42:51,vanderheijden.a115@example.com,Anna Van der Heijden,Brekke,Mechanical Engineer,https://linkedin.com/in/anna-van-der-heijden-115,,Passionate mechanical engineer with a strong background in data analytics. Currently working at Brekke where I focus on expanding market reach.,V6C,Nederland,Den Haag,Erasmus University Rotterdam,Economie & Business,Afgestudeert vwo/havo,Yes
2023-12-07 07:19:10,gijsp116@example.com,Gijs Postma,,,https://linkedin.com/in/gijs-postma-116,,,V6A,Frankrijk,Delft,Vrije University Amsterdam,Bèta & Techniek,bezig met masters,No
2026-05-04 18:49:13,alim117@example.com,Ali Miller,Brekke,PhD Candidate,,,Creative problem-solver working as phd candidate at Brekke. Graduated from Eindhoven University of Technology in 2026.,V6C,Engeland,Eindhoven,Eindhoven University of Technology,Economie & Business,bezig met bachelors,No
2023-03-20 23:14:08,rodriguez.l118@example.com,Liv Rodriguez,Arcadis,Biomedical Engineer,,,,V6C,Engeland,Twente,Vrije University Amsterdam,Bèta & Techniek,Afgestudeert vwo/havo,No
2025-12-04 16:05:01,james119@example.com,James Van der Stelt,Fugro,Supply Chain Analyst,,,Alumni from University of Twente specializing in Computer Science. Working as supply chain analyst with a passion for developing innovative products.,V6A,Verenigde Staten,Eindhoven,University of Twente,Computer Science,bezig met masters,Yes
2024-05-19 16:07:50,dekker.a120@example.com,Adam Dekker,,Lawyer,https://linkedin.com/in/adam-dekker-120,,"Ambitious lawyer focused on bridging technology and society. Former student at Eindhoven University of Technology, now making an impact at a leading organization.",V6B,Duitsland,Twente,Eindhoven University of Technology,Bèta & Techniek,bezig met masters,No
2023-03-31 07:55:44,linap121@example.com,Lina Peeters,Stripe,Policy Advisor,,https://linapeeters121.com,,V6C,Frankrijk,Eindhoven,University of Twente,Talen & Cultuur,bezig met bachelors,Yes
2023-12-12 09:28:41,saar122@example.com,Saar Brown,Freelance,,https://linkedin.com/in/saar-brown-122,,,V6A,Duitsland,Den Haag,Erasmus University Rotterdam,Computer Science,bezig met masters,No
2025-01-07 02:37:50,isabella.smit123@example.com,Isabella Smit,BAM Groep,Aerospace Engineer,https://linkedin.com/in/isabella-smit-123,,,V6B,Nederland,Eindhoven,University of Twente,Computer Science,bezig met masters,No
2023-08-29 16:46:34,tygo.vanderhorst124@example.com,Tygo Van der Horst,Brekke,Content Creator,https://linkedin.com/in/tygo-van-der-horst-124,,,V6C,Engeland,Den Haag,Delft University of Technology,Economie & Business,bezig met masters,Yes
2022-01-04 16:04:55,vandriel.j125@example.com,James Van Driel,Heijmans,,https://linkedin.com/in/james-van-driel-125,,Recent graduate from Eindhoven University of Technology with a degree in Talen & Cultuur. Now working as professional at Heijmans.,V6A,Nederland,Amsterdam,Eindhoven University of Technology,Talen & Cultuur,bezig met bachelors,No
2025-10-20 03:31:11,pim.visser126@example.com,Pim Visser,Datadog,Financial Analyst,,,,V6C,Frankrijk,Amsterdam,Erasmus University Rotterdam,Gezondheidszorg & Geneeskunde,Afgestudeert vwo/havo,Yes
2024-11-21 17:00:51,maxg127@example.com,Max Gonzalez,Spotify,Managing Director,https://linkedin.com/in/max-gonzalez-127,,,V6A,Nederland,Eindhoven,University of Twente,Gezondheidszorg & Geneeskunde,Afgestudeert vwo/havo,Yes
2025-09-14 13:54:30,jackson.n128@example.com,Naomi Jackson,,,https://linkedin.com/in/naomi-jackson-128,,,V6B,Verenigde Staten,Delft,Vrije University Amsterdam,Talen & Cultuur,bezig met bachelors,Yes
2022-04-30 17:15:39,gabriel129@example.com,Gabriel Martin,,,https://linkedin.com/in/gabriel-martin-129,,,V6C,Verenigde Staten,Twente,Leiden University,Gezondheidszorg & Geneeskunde,Afgestudeert vwo/havo,Yes
2026-01-05 19:01:22,lina.willems130@example.com,Lina Willems,AkzoNobel,Associate,https://linkedin.com/in/lina-willems-130,,,V6A,Nederland,Delft,Vrije University Amsterdam,Economie & Business,bezig met masters,No
2024-10-30 22:58:54,miloud131@example.com,Milou De Groot,Achmea,Doctor,https://linkedin.com/in/milou-de-groot-131,,,V6B,Verenigde Staten,Amsterdam,Erasmus University Rotterdam,Talen & Cultuur,bezig met bachelors,No
2026-11-30 19:11:58,vanderheijden.m132@example.com,Milan Van der Heijden,Vopak,Chemical Engineer,https://linkedin.com/in/milan-van-der-heijden-132,,Innovative thinker and chemical engineer with a track record in sustainable engineering. Alumni of Leiden University.,V6B,Frankrijk,Twente,Leiden University,Talen & Cultuur,bezig met bachelors,No
2024-12-27 23:29:43,jacobs.n133@example.com,Naomi Jacobs,Uber,,https://linkedin.com/in/naomi-jacobs-133,,Innovative thinker and professional with a track record in corporate strategy. Alumni of Leiden University.,V6B,Frankrijk,Den Haag,Leiden University,Talen & Cultuur,bezig met bachelors,No
2025-10-05 18:29:10,clarav134@example.com,Clara Van der Zanden,Royal HaskoningDHV,,https://linkedin.com/in/clara-van-der-zanden-134,,,V6B,Engeland,Den Haag,University of Twente,Gezondheidszorg & Geneeskunde,Afgestudeert vwo/havo,No
2023-04-07 09:40:49,deboer.j135@example.com,Jayden De Boer,,Risk Manager,https://linkedin.com/in/jayden-de-boer-135,,Results-oriented risk manager with 3 years of experience in quantitative analysis. Based in Eindhoven.,V6C,Engeland,Eindhoven,Delft University of Technology,Gezondheidszorg & Geneeskunde,bezig met masters,Yes
2024-05-31 21:38:04,thompson.p136@example.com,Pim Thompson,,Portfolio Manager,https://linkedin.com/in/pim-thompson-136,https://pimthompson136.com,,V6A,Frankrijk,Eindhoven,Vrije University Amsterdam,Bèta & Techniek,bezig met masters,Yes
2026-06-25 17:06:48,sanne137@example.com,Sanne Peters,Bosch,Biomedical Engineer,https://linkedin.com/in/sanne-peters-137,,,V6A,Frankrijk,Twente,Leiden University,Talen & Cultuur,Afgestudeert vwo/havo,No
2026-04-01 01:03:01,tim.janssen138@example.com,Tim Janssen,Google,Doctor,,,,V6C,Verenigde Staten,Eindhoven,Erasmus University Rotterdam,Gezondheidszorg & Geneeskunde,bezig met masters,No
2023-02-14 06:08:14,kevinv139@example.com,Kevin Van Dijk,Tesla,Paralegal,https://linkedin.com/in/kevin-van-dijk-139,,,V6A,Frankrijk,Amsterdam,Vrije University Amsterdam,Rechten,bezig met bachelors,No
2024-04-02 15:39:32,niels140@example.com,Niels Davis,Uber,Database Administrator,https://linkedin.com/in/niels-davis-140,,,V6A,Duitsland,Eindhoven,Vrije University Amsterdam,Economie & Business,bezig met masters,Yes
2023-05-03 04:05:53,livv141@example.com,Liv Van Driel,Shopify,Intern,https://linkedin.com/in/liv-van-driel-141,,Innovative thinker and intern with a track record in digital transformation. Alumni of Vrije University Amsterdam.,V6C,Frankrijk,Den Haag,Vrije University Amsterdam,Rechten,bezig met bachelors,No
2022-01-12 23:38:33,nielsd142@example.com,Niels De Jong,,,https://linkedin.com/in/niels-de-jong-142,,Driven professional with expertise in data analytics. Currently professional at a leading organization.,V6C,Engeland,Twente,University of Twente,Talen & Cultuur,bezig met bachelors,Yes
2025-06-15 02:43:44,bram143@example.com,Bram Rodriguez,Snowflake,Founder,https://linkedin.com/in/bram-rodriguez-143,https://bramrodriguez143.com,,V6A,Duitsland,Eindhoven,Leiden University,Bèta & Techniek,Afgestudeert vwo/havo,No
2026-08-26 00:03:08,hana144@example.com,Hana Van der Heijden,,Architect,https://linkedin.com/in/hana-van-der-heijden-144,,"Experienced architect dedicated to developing innovative products. Alumni of Erasmus University Rotterdam, class of 2026.",V6B,Nederland,Den Haag,Erasmus University Rotterdam,Computer Science,bezig met masters,No
2026-02-21 12:46:06,mila145@example.com,Mila Gonzalez,,Social Media Manager,https://linkedin.com/in/mila-gonzalez-145,,,V6C,Nederland,Den Haag,Eindhoven University of Technology,Economie & Business,bezig met bachelors,Yes
2024-10-18 04:39:53,rosav146@example.com,Rosa Van den Broek,,Entrepreneur,https://linkedin.com/in/rosa-van-den-broek-146,,,V6C,Engeland,Twente,Eindhoven University of Technology,Economie & Business,bezig met masters,Yes
2026-07-12 03:04:39,vanderzwan.r147@example.com,Roos Van der Zwan,ASML,,,https://roosvanderzwan147.com,,V6B,Duitsland,Amsterdam,Vrije University Amsterdam,Talen & Cultuur,Afgestudeert vwo/havo,No
2025-06-16 03:22:42,jessev148@example.com,Jesse Van der Ven,Freelance,,,,,V6A,Nederland,Twente,Delft University of Technology,Economie & Business,Afgestudeert vwo/havo,No
2024-02-05 10:02:16,omar149@example.com,Omar Brouwer,Brekke,IT Support,https://linkedin.com/in/omar-brouwer-149,,Passionate it support with a strong background in renewable energy. Currently working at Brekke where I focus on driving data-driven decisions.,V6C,Verenigde Staten,Amsterdam,Eindhoven University of Technology,Computer Science,bezig met bachelors,Yes
2026-02-09 18:41:25,williamt150@example.com,William Thomas,Palantir,Network Engineer,,,,V6B,Verenigde Staten,Twente,Delft University of Technology,Rechten,bezig met bachelors,Yes
2026-08-28 06:14:40,roosv151@example.com,Roos Van der Velden,Rabobank,Biomedical Engineer,https://linkedin.com/in/roos-van-der-velden-151,,,V6C,Verenigde Staten,Twente,Leiden University,Computer Science,Afgestudeert vwo/havo,Yes
2026-09-26 03:42:12,dekker.e152@example.com,Ella Dekker,Tesla,Chemical Engineer,https://linkedin.com/in/ella-dekker-152,,,V6A,Frankrijk,Eindhoven,Vrije University Amsterdam,Computer Science,bezig met masters,No
2025-01-05 16:28:21,aliv153@example.com,Ali Van der Velden,Consultant,Quality Assurance,https://linkedin.com/in/ali-van-der-velden-153,https://alivandervelden153.com,,V6A,Engeland,Twente,Delft University of Technology,Rechten,bezig met bachelors,Yes
2026-11-03 12:42:57,pim154@example.com,Pim Van der Mark,DSM,,,,,V6A,Frankrijk,Amsterdam,Delft University of Technology,Gezondheidszorg & Geneeskunde,Afgestudeert vwo/havo,Yes
2024-09-03 08:03:03,lee.j155@example.com,Jesse Lee,Airbnb,CEO,https://linkedin.com/in/jesse-lee-155,,,V6A,Duitsland,Amsterdam,Vrije University Amsterdam,Rechten,Afgestudeert vwo/havo,No
2023-05-15 15:31:33,clara.koning156@example.com,Clara Koning,SpaceX,,https://linkedin.com/in/clara-koning-156,,,V6C,Verenigde Staten,Amsterdam,Delft University of Technology,Computer Science,Afgestudeert vwo/havo,Yes
2022-11-30 17:48:49,william.willems157@example.com,William Willems,,Trader,https://linkedin.com/in/william-willems-157,https://williamwillems157.com,Results-oriented trader with 4 years of experience in biomedical research. Based in Amsterdam.,V6C,Frankrijk,Amsterdam,Eindhoven University of Technology,Talen & Cultuur,bezig met masters,No
2023-04-07 09:58:50,larav158@example.com,Lara Van Leeuwen,ASML,Data Scientist,https://linkedin.com/in/lara-van-leeuwen-158,,,V6B,Verenigde Staten,Den Haag,Delft University of Technology,Bèta & Techniek,bezig met masters,No
2026-10-28 09:47:55,daniel159@example.com,Daniel Peeters,,Electrical Engineer,https://linkedin.com/in/daniel-peeters-159,,Results-oriented electrical engineer with 0 years of experience in blockchain technology. Based in Eindhoven.,V6A,Verenigde Staten,Eindhoven,Delft University of Technology,Talen & Cultuur,Afgestudeert vwo/havo,No
2022-07-30 07:34:01,liamv160@example.com,Liam Van Driel,Witteveen+Bos,,https://linkedin.com/in/liam-van-driel-160,,,V6B,Verenigde Staten,Eindhoven,Erasmus University Rotterdam,Rechten,Afgestudeert vwo/havo,No
2022-12-24 18:53:59,omar161@example.com,Omar De Vries,Netflix,,,https://omardevries161.com,,V6C,Verenigde Staten,Twente,Eindhoven University of Technology,Economie & Business,Afgestudeert vwo/havo,No
2023-04-12 08:36:42,floris162@example.com,Floris Van der Horst,Bosch,Co-Founder,https://linkedin.com/in/floris-van-der-horst-162,,,V6A,Frankrijk,Eindhoven,Delft University of Technology,Talen & Cultuur,bezig met masters,Yes
2026-03-22 15:18:35,ruben163@example.com,Ruben Van der Stelt,Vopak,Graduate Trainee,https://linkedin.com/in/ruben-van-der-stelt-163,https://rubenvanderstelt163.com,"Ambitious graduate trainee focused on driving data-driven decisions. Former student at Eindhoven University of Technology, now making an impact at Vopak.",V6B,Engeland,Delft,Eindhoven University of Technology,Economie & Business,bezig met masters,No
2025-08-02 15:29:54,max.vandervelden164@example.com,Max Van der Velden,Tauw,Translator,,,,V6A,Duitsland,Delft,Erasmus University Rotterdam,Economie & Business,bezig met bachelors,No
2022-01-26 00:55:22,tessap165@example.com,Tessa Peters,Booking.com,,,https://tessapeters165.com,,V6B,Duitsland,Amsterdam,Vrije University Amsterdam,Bèta & Techniek,bezig met bachelors,Yes
2023-03-25 09:17:56,youssefv166@example.com,Youssef Van der Spoel,Aerius,Customer Success Manager,https://linkedin.com/in/youssef-van-der-spoel-166,,Alumni from Delft University of Technology specializing in Talen & Cultuur. Working as customer success manager with a passion for creating sustainable solutions.,V6B,Engeland,Twente,Delft University of Technology,Talen & Cultuur,bezig met masters,No
2025-11-08 12:44:54,oliverj167@example.com,Oliver Jackson,Startup,Partner,https://linkedin.com/in/oliver-jackson-167,https://oliverjackson167.com,Passionate partner with a strong background in operations management. Currently working at Startup where I focus on ensuring data privacy.,V6B,Verenigde Staten,Twente,Erasmus University Rotterdam,Computer Science,bezig met masters,Yes
2026-04-01 09:30:00,martinez.s168@example.com,Sanne Martinez,Scale-up,Urban Planner,https://linkedin.com/in/sanne-martinez-168,,Recent graduate from Delft University of Technology with a degree in Talen & Cultuur. Now working as urban planner at Scale-up.,V6A,Nederland,Delft,Delft University of Technology,Talen & Cultuur,bezig met masters,No
2026-09-28 22:21:03,luuk.rodriguez169@example.com,Luuk Rodriguez,,,https://linkedin.com/in/luuk-rodriguez-169,,,V6B,Duitsland,Den Haag,Erasmus University Rotterdam,Rechten,bezig met masters,No
2022-08-22 15:54:13,maud170@example.com,Maud Van Dijk,,Junior Analyst,,,,V6B,Frankrijk,Delft,Erasmus University Rotterdam,Talen & Cultuur,Afgestudeert vwo/havo,Yes
2026-11-25 17:46:25,amy.johnson171@example.com,Amy Johnson,Vopak,,https://linkedin.com/in/amy-johnson-171,,Results-oriented professional with 0 years of experience in digital transformation. Based in Amsterdam.,V6B,Nederland,Amsterdam,Erasmus University Rotterdam,Bèta & Techniek,bezig met masters,Yes
2023-08-17 17:24:47,maud172@example.com,Maud Visser,Rabobank,,,,Creative problem-solver working as professional at Rabobank. Graduated from Erasmus University Rotterdam in 2023.,V6C,Engeland,Delft,Erasmus University Rotterdam,Computer Science,bezig met masters,No
2025-02-10 10:22:39,william.hendriks173@example.com,William Hendriks,,,https://linkedin.com/in/william-hendriks-173,,"Experienced professional dedicated to enhancing customer satisfaction. Alumni of Vrije University Amsterdam, class of 2025.",V6C,Nederland,Den Haag,Vrije University Amsterdam,Gezondheidszorg & Geneeskunde,bezig met masters,Yes
2024-11-01 15:33:29,ryanp174@example.com,Ryan Peeters,Siemens,,,,,V6B,Engeland,Amsterdam,Leiden University,Rechten,Afgestudeert vwo/havo,Yes
2023-01-29 15:01:16,smit.e175@example.com,Emma Smit,Shopify,,,,Passionate professional with a strong background in software development. Currently working at Shopify where I focus on automating workflows.,V6B,Duitsland,Eindhoven,Eindhoven University of Technology,Economie & Business,bezig met bachelors,Yes
2024-09-10 20:19:17,tess.peters176@example.com,Tess Peters,Netflix,Financial Analyst,https://linkedin.com/in/tess-peters-176,,,V6A,Duitsland,Eindhoven,Vrije University Amsterdam,Talen & Cultuur,bezig met masters,Yes
2022-06-02 14:06:50,elin.verhoeven177@example.com,Elin Verhoeven,Ahold Delhaize,,https://linkedin.com/in/elin-verhoeven-177,,,V6C,Frankrijk,Delft,University of Twente,Gezondheidszorg & Geneeskunde,bezig met bachelors,Yes
2026-04-13 22:01:12,jansen.d178@example.com,Dylan Jansen,Zelfstandig,UX Designer,https://linkedin.com/in/dylan-jansen-178,,,V6A,Engeland,Amsterdam,Leiden University,Talen & Cultuur,bezig met bachelors,No
2022-05-14 12:22:04,irisv179@example.com,Iris Van der Pol,Netflix,Underwriter,https://linkedin.com/in/iris-van-der-pol-179,,Creative problem-solver working as underwriter at Netflix. Graduated from Vrije University Amsterdam in 2022.,V6B,Verenigde Staten,Delft,Vrije University Amsterdam,Economie & Business,Afgestudeert vwo/havo,Yes
2023-10-22 01:30:38,miller.m180@example.com,Milou Miller,,Account Manager,https://linkedin.com/in/milou-miller-180,,,V6B,Nederland,Twente,University of Twente,Economie & Business,bezig met masters,Yes
2024-06-03 07:37:01,norag181@example.com,Nora Groen,Tesla,Portfolio Manager,https://linkedin.com/in/nora-groen-181,,,V6A,Frankrijk,Delft,Leiden University,Computer Science,Afgestudeert vwo/havo,Yes
2026-04-13 13:55:54,martin.l182@example.com,Liam Martin,NN Group,PhD Candidate,https://linkedin.com/in/liam-martin-182,,,V6A,Nederland,Eindhoven,Delft University of Technology,Gezondheidszorg & Geneeskunde,bezig met masters,No
2026-12-15 08:56:17,wilson.n183@example.com,Niels Wilson,Brekke,,https://linkedin.com/in/niels-wilson-183,,,V6A,Engeland,Delft,University of Twente,Rechten,Afgestudeert vwo/havo,No
2026-08-23 22:48:51,noa184@example.com,Noa Van der Velden,Freelance,,,,Driven professional with expertise in marketing strategy. Currently professional at Freelance.,V6A,Verenigde Staten,Delft,University of Twente,Talen & Cultuur,bezig met bachelors,No
2026-03-19 22:54:32,adam185@example.com,Adam Williams,,Nurse,https://linkedin.com/in/adam-williams-185,,Driven professional with expertise in educational technology. Currently nurse at a leading organization.,V6B,Verenigde Staten,Eindhoven,Vrije University Amsterdam,Economie & Business,Afgestudeert vwo/havo,Yes
2025-05-16 19:59:54,dylan186@example.com,Dylan Jacobs,Cloudflare,,,,,V6A,Duitsland,Twente,Vrije University Amsterdam,Talen & Cultuur,Afgestudeert vwo/havo,No
2026-10-26 02:17:46,tess187@example.com,Tess Bos,KLM,Intern,,,"Ambitious intern focused on optimizing business processes. Former student at Leiden University, now making an impact at KLM.",V6A,Verenigde Staten,Den Haag,Leiden University,Computer Science,bezig met bachelors,Yes
2025-11-17 03:08:01,boazd188@example.com,Boaz De Vries,Grontmij,,,,Innovative thinker and professional with a track record in software development. Alumni of Leiden University.,V6B,Duitsland,Twente,Leiden University,Rechten,bezig met bachelors,No
2026-11-09 19:09:00,lynn189@example.com,Lynn Thompson,Deloitte,Network Engineer,,,,V6B,Duitsland,Delft,Erasmus University Rotterdam,Rechten,bezig met masters,Yes
2025-09-05 21:30:49,maryam.dejong190@example.com,Maryam De Jong,Royal HaskoningDHV,Investment Banker,https://linkedin.com/in/maryam-de-jong-190,,,V6C,Frankrijk,Den Haag,Leiden University,Computer Science,bezig met masters,Yes
2024-12-10 09:58:51,noral191@example.com,Nora Lopez,Datadog,Architect,,,,V6A,Duitsland,Amsterdam,Erasmus University Rotterdam,Gezondheidszorg & Geneeskunde,Afgestudeert vwo/havo,No
2025-06-10 10:26:19,tess192@example.com,Tess Anderson,EY,,https://linkedin.com/in/tess-anderson-192,,,V6A,Engeland,Den Haag,Vrije University Amsterdam,Economie & Business,bezig met masters,No
2024-10-22 14:50:08,zoed193@example.com,Zoe De Jong,Snowflake,Physical Therapist,,,Innovative thinker and physical therapist with a track record in renewable energy. Alumni of University of Twente.,V6C,Verenigde Staten,Delft,University of Twente,Economie & Business,Afgestudeert vwo/havo,No
2025-09-01 09:08:43,jackson.w194@example.com,William Jackson,Airbnb,Business Development,https://linkedin.com/in/william-jackson-194,https://williamjackson194.com,Driven professional with expertise in sustainable engineering. Currently business development at Airbnb.,V6A,Duitsland,Amsterdam,Leiden University,Bèta & Techniek,Afgestudeert vwo/havo,Yes
2024-03-14 04:15:28,charlotte195@example.com,Charlotte Van der Pol,Heineken,Social Media Manager,https://linkedin.com/in/charlotte-van-der-pol-195,,,V6C,Duitsland,Twente,University of Twente,Rechten,bezig met bachelors,No
2025-01-19 15:01:23,yarav196@example.com,Yara Van den Berg,KPMG,Product Manager,https://linkedin.com/in/yara-van-den-berg-196,,,V6B,Nederland,Twente,University of Twente,Gezondheidszorg & Geneeskunde,bezig met masters,Yes
2025-09-30 03:14:34,vanderspoel.f197@example.com,Fenna Van der Spoel,Ballast Nedam,Aerospace Engineer,https://linkedin.com/in/fenna-van-der-spoel-197,,,V6A,Duitsland,Twente,University of Twente,Economie & Business,bezig met masters,No
2022-07-12 18:21:40,charlotte.garcia198@example.com,Charlotte Garcia,Deloitte,,https://linkedin.com/in/charlotte-garcia-198,,,V6C,Verenigde Staten,Delft,University of Twente,Talen & Cultuur,bezig met bachelors,Yes
2025-06-27 09:13:48,emma.devries199@example.com,Emma De Vries,,,,https://emmadevries199.com,Alumni from University of Twente specializing in Computer Science. Working as professional with a passion for improving user experience.,V6A,Frankrijk,Amsterdam,University of Twente,Computer Science,Afgestudeert vwo/havo,No
2024-06-18 23:47:41,benjamin.hendriks200@example.com,Benjamin Hendriks,,Machine Learning Engineer,https://linkedin.com/in/benjamin-hendriks-200,https://benjaminhendriks200.com,Alumni from University of Twente specializing in Computer Science. Working as machine learning engineer with a passion for automating workflows.,V6A,Nederland,Den Haag,University of Twente,Computer Science,Afgestudeert vwo/havo,No
2026-11-24 21:54:39,vanleeuwen.l201@example.com,Liv Van Leeuwen,Snowflake,Logistics Coordinator,,,,V6B,Verenigde Staten,Amsterdam,Erasmus University Rotterdam,Computer Science,bezig met masters,Yes
2024-01-25 14:20:05,thomas.f202@example.com,Fenna Thomas,,Physical Therapist,https://linkedin.com/in/fenna-thomas-202,,,V6C,Nederland,Den Haag,Eindhoven University of Technology,Talen & Cultuur,Afgestudeert vwo/havo,No
2024-09-19 15:31:53,rubend203@example.com,Ruben De Vries,,Network Engineer,https://linkedin.com/in/ruben-de-vries-203,,"Experienced network engineer dedicated to optimizing business processes. Alumni of University of Twente, class of 2024.",V6C,Nederland,Twente,University of Twente,Computer Science,Afgestudeert vwo/havo,No
2024-04-01 06:21:31,smith.j204@example.com,Jens Smith,,Entrepreneur,https://linkedin.com/in/jens-smith-204,,,V6B,Nederland,Eindhoven,Erasmus University Rotterdam,Bèta & Techniek,bezig met masters,No
2026-11-04 11:57:18,wilson.g205@example.com,Gijs Wilson,Startup,Electrical Engineer,,,Innovative thinker and electrical engineer with a track record in artificial intelligence. Alumni of Eindhoven University of Technology.,V6A,Nederland,Twente,Eindhoven University of Technology,Economie & Business,bezig met masters,Yes
2023-10-22 21:22:29,hana206@example.com,Hana Van der Zwan,KLM,,,,Passionate professional with a strong background in digital transformation. Currently working at KLM where I focus on empowering teams.,V6C,Frankrijk,Twente,University of Twente,Computer Science,bezig met bachelors,No
2023-11-27 23:01:38,tygo207@example.com,Tygo Miller,Heineken,,https://linkedin.com/in/tygo-miller-207,,,V6C,Engeland,Amsterdam,Leiden University,Bèta & Techniek,Afgestudeert vwo/havo,Yes
2025-01-19 20:43:12,hugo208@example.com,Hugo Van der Veen,Shopify,,,,Creative problem-solver working as professional at Shopify. Graduated from Vrije University Amsterdam in 2025.,V6B,Engeland,Eindhoven,Vrije University Amsterdam,Rechten,bezig met bachelors,Yes
2026-04-25 05:53:46,omara209@example.com,Omar Anderson,KPMG,Postdoc Researcher,https://linkedin.com/in/omar-anderson-209,,"Experienced postdoc researcher dedicated to empowering teams. Alumni of University of Twente, class of 2026.",V6B,Engeland,Eindhoven,University of Twente,Rechten,bezig met bachelors,No
2026-10-23 10:56:13,fatima210@example.com,Fatima Hernandez,,Professor,https://linkedin.com/in/fatima-hernandez-210,,,V6C,Duitsland,Den Haag,University of Twente,Computer Science,Afgestudeert vwo/havo,No
2024-11-01 01:41:26,anderson.s211@example.com,Sanne Anderson,,Trader,,,,V6A,Engeland,Den Haag,Delft University of Technology,Computer Science,Afgestudeert vwo/havo,Yes
2026-08-06 23:25:14,jesses212@example.com,Jesse Smits,,Social Media Manager,https://linkedin.com/in/jesse-smits-212,,,V6B,Engeland,Amsterdam,Vrije University Amsterdam,Computer Science,bezig met masters,Yes
2026-08-01 06:49:20,demi.maas213@example.com,Demi Maas,,Machine Learning Engineer,,https://demimaas213.com,Driven professional with expertise in sustainable engineering. Currently machine learning engineer at a leading organization.,V6C,Duitsland,Den Haag,Vrije University Amsterdam,Talen & Cultuur,Afgestudeert vwo/havo,No
2022-07-01 02:31:23,levid214@example.com,Levi De Boer,,,https://linkedin.com/in/levi-de-boer-214,https://levideboer214.com,"Experienced professional dedicated to automating workflows. Alumni of Erasmus University Rotterdam, class of 2022.",V6B,Frankrijk,Delft,Erasmus University Rotterdam,Rechten,bezig met masters,No
2022-03-27 21:42:55,boaz215@example.com,Boaz Smit,,Machine Learning Engineer,https://linkedin.com/in/boaz-smit-215,,,V6C,Nederland,Eindhoven,Erasmus University Rotterdam,Talen & Cultuur,bezig met masters,No
2026-09-23 01:50:23,groen.s216@example.com,Sara Groen,,,,https://saragroen216.com,Creative problem-solver working as professional at a leading organization. Graduated from Erasmus University Rotterdam in 2026.,V6C,Duitsland,Twente,Erasmus University Rotterdam,Computer Science,bezig met masters,Yes
2025-02-07 06:22:43,iris.maas217@example.com,Iris Maas,,,https://linkedin.com/in/iris-maas-217,,,V6B,Engeland,Amsterdam,Leiden University,Computer Science,Afgestudeert vwo/havo,No
2026-03-01 17:05:47,gabriel.rodriguez218@example.com,Gabriel Rodriguez,Ahold Delhaize,Paralegal,,,,V6A,Verenigde Staten,Eindhoven,University of Twente,Computer Science,bezig met bachelors,Yes
2024-01-07 13:26:06,rosa.verbeek219@example.com,Rosa Verbeek,KLM,Interpreter,https://linkedin.com/in/rosa-verbeek-219,,,V6A,Duitsland,Twente,Eindhoven University of Technology,Talen & Cultuur,bezig met masters,No
2025-04-20 07:55:57,sofia.rodriguez220@example.com,Sofia Rodriguez,Adyen,,https://linkedin.com/in/sofia-rodriguez-220,,"Ambitious professional focused on building scalable systems. Former student at Delft University of Technology, now making an impact at Adyen.",V6A,Duitsland,Eindhoven,Delft University of Technology,Gezondheidszorg & Geneeskunde,bezig met masters,No
2026-01-05 07:55:38,casv221@example.com,Cas Verhoeven,Uber,,,,Detail-oriented professional with a background in Computer Science. Currently professional at Uber.,V6C,Verenigde Staten,Delft,University of Twente,Computer Science,bezig met masters,No
2023-03-12 10:22:44,wilson.e222@example.com,Emma Wilson,Bosch,Database Administrator,https://linkedin.com/in/emma-wilson-222,,Innovative thinker and database administrator with a track record in blockchain technology. Alumni of Erasmus University Rotterdam.,V6C,Verenigde Staten,Den Haag,Erasmus University Rotterdam,Rechten,bezig met masters,No
2024-01-28 02:39:57,youssef.hernandez223@example.com,Youssef Hernandez,Adyen,Professor,,,Results-oriented professor with 4 years of experience in educational technology. Based in Den Haag.,V6B,Duitsland,Den Haag,University of Twente,Computer Science,Afgestudeert vwo/havo,Yes
2024-05-19 14:39:08,guusv224@example.com,Guus Van der Meer,Apple,,,,,V6B,Verenigde Staten,Den Haag,University of Twente,Computer Science,bezig met masters,No
2024-12-10 05:14:55,verbeek.c225@example.com,Clara Verbeek,Amazon,,https://linkedin.com/in/clara-verbeek-225,https://claraverbeek225.com,,V6C,Frankrijk,Amsterdam,Leiden University,Rechten,bezig met masters,Yes
2023-07-14 14:48:23,anderson.c226@example.com,Casper Anderson,,DevOps Engineer,https://linkedin.com/in/casper-anderson-226,,Creative problem-solver working as devops engineer at a leading organization. Graduated from Leiden University in 2023.,V6C,Engeland,Den Haag,Leiden University,Talen & Cultuur,Afgestudeert vwo/havo,No
2023-04-13 15:59:12,alik227@example.com,Ali Koning,,Nurse,https://linkedin.com/in/ali-koning-227,,,V6C,Verenigde Staten,Twente,Leiden University,Economie & Business,Afgestudeert vwo/havo,No
2024-05-27 00:02:53,ava228@example.com,Ava Van Wijk,Snowflake,,https://linkedin.com/in/ava-van-wijk-228,,,V6A,Frankrijk,Delft,University of Twente,Gezondheidszorg & Geneeskunde,bezig met masters,Yes
2023-07-19 19:52:20,hana229@example.com,Hana De Boer,Arcadis,Systems Administrator,,,Driven professional with expertise in financial modeling. Currently systems administrator at Arcadis.,V6B,Frankrijk,Amsterdam,Vrije University Amsterdam,Rechten,bezig met bachelors,Yes
2022-01-17 18:08:03,dylan.moore230@example.com,Dylan Moore,Shopify,,,,,V6B,Engeland,Den Haag,Vrije University Amsterdam,Rechten,bezig met masters,No
2026-10-10 17:12:44,maudv231@example.com,Maud Verhoeven,Heineken,,https://linkedin.com/in/maud-verhoeven-231,,Alumni from Vrije University Amsterdam specializing in Bèta & Techniek. Working as professional with a passion for pioneering new research.,V6A,Frankrijk,Twente,Vrije University Amsterdam,Bèta & Techniek,bezig met masters,Yes
2026-08-20 16:05:38,smith.n232@example.com,Naomi Smith,Stripe,Graduate Trainee,,,Driven professional with expertise in supply chain optimization. Currently graduate trainee at Stripe.,V6C,Frankrijk,Delft,Erasmus University Rotterdam,Computer Science,bezig met masters,No
2025-02-20 14:45:10,charlottev233@example.com,Charlotte Van den Berg,Scale-up,Aerospace Engineer,https://linkedin.com/in/charlotte-van-den-berg-233,,Detail-oriented professional with a background in Bèta & Techniek. Currently aerospace engineer at Scale-up.,V6C,Frankrijk,Amsterdam,Vrije University Amsterdam,Bèta & Techniek,Afgestudeert vwo/havo,Yes
2024-04-08 20:16:47,floris234@example.com,Floris Van der Mark,,Trader,https://linkedin.com/in/floris-van-der-mark-234,,Driven professional with expertise in sustainable engineering. Currently trader at a leading organization.,V6B,Duitsland,Eindhoven,University of Twente,Computer Science,bezig met masters,Yes
2025-04-09 12:01:42,milan.vanderveen235@example.com,Milan Van der Veen,ASML,Electrical Engineer,https://linkedin.com/in/milan-van-der-veen-235,,,V6A,Duitsland,Twente,Leiden University,Economie & Business,Afgestudeert vwo/havo,No
2026-08-13 08:05:56,oscar236@example.com,Oscar Mol,Uber,,https://linkedin.com/in/oscar-mol-236,,,V6B,Verenigde Staten,Delft,Vrije University Amsterdam,Bèta & Techniek,bezig met bachelors,No
2023-09-04 22:47:58,davidh237@example.com,David Hoekstra,,Journalist,https://linkedin.com/in/david-hoekstra-237,,,V6A,Nederland,Den Haag,Vrije University Amsterdam,Talen & Cultuur,bezig met bachelors,Yes
2026-08-21 00:50:52,vanderlinden.m238@example.com,Mia Van der Linden,,HR Specialist,https://linkedin.com/in/mia-van-der-linden-238,,,V6C,Nederland,Twente,Eindhoven University of Technology,Bèta & Techniek,bezig met masters,No
2025-09-19 18:21:45,hendriks.m239@example.com,Maya Hendriks,Vopak,,,,,V6A,Nederland,Eindhoven,Vrije University Amsterdam,Bèta & Techniek,bezig met masters,Yes
2026-08-02 10:34:29,sem.white240@example.com,Sem White,,Graphic Designer,,,,V6B,Engeland,Eindhoven,Erasmus University Rotterdam,Bèta & Techniek,Afgestudeert vwo/havo,Yes
2025-05-13 00:42:42,lynn241@example.com,Lynn Anderson,Brekke,Teacher,https://linkedin.com/in/lynn-anderson-241,,,V6A,Duitsland,Den Haag,Eindhoven University of Technology,Bèta & Techniek,Afgestudeert vwo/havo,Yes
2024-11-02 06:48:24,vanderspoel.o242@example.com,Omar Van der Spoel,Heijmans,,,,,V6B,Frankrijk,Amsterdam,Eindhoven University of Technology,Economie & Business,bezig met bachelors,Yes
2023-08-11 19:23:21,lisa.miller243@example.com,Lisa Miller,Strukton,Consultant,https://linkedin.com/in/lisa-miller-243,,,V6B,Nederland,Eindhoven,Erasmus University Rotterdam,Talen & Cultuur,bezig met bachelors,No
2026-09-20 11:01:31,vanderveen.e244@example.com,Elena Van der Veen,VolkerWessels,,,,"Ambitious professional focused on improving user experience. Former student at Leiden University, now making an impact at VolkerWessels.",V6A,Verenigde Staten,Eindhoven,Leiden University,Rechten,Afgestudeert vwo/havo,Yes
2025-06-02 21:42:27,sanne245@example.com,Sanne Van Driel,Brekke,CTO,https://linkedin.com/in/sanne-van-driel-245,,,V6C,Verenigde Staten,Amsterdam,Vrije University Amsterdam,Talen & Cultuur,bezig met bachelors,Yes
2024-08-26 02:21:26,miller.f246@example.com,Fatima Miller,Philips,Lawyer,https://linkedin.com/in/fatima-miller-246,https://fatimamiller246.com,,V6B,Frankrijk,Delft,Erasmus University Rotterdam,Bèta & Techniek,bezig met bachelors,Yes
2025-11-29 13:22:33,brown.l247@example.com,Liv Brown,Meta,Risk Manager,https://linkedin.com/in/liv-brown-247,,,V6A,Frankrijk,Den Haag,Delft University of Technology,Computer Science,bezig met bachelors,Yes
2024-11-29 09:49:06,kok.t248@example.com,Thomas Kok,,Founder,https://linkedin.com/in/thomas-kok-248,,Creative problem-solver working as founder at a leading organization. Graduated from University of Twente in 2024.,V6C,Frankrijk,Eindhoven,University of Twente,Gezondheidszorg & Geneeskunde,bezig met bachelors,No
2026-08-24 04:22:39,mila249@example.com,Mila Groen,Capgemini,Security Engineer,https://linkedin.com/in/mila-groen-249,,,V6C,Duitsland,Delft,Delft University of Technology,Talen & Cultuur,Afgestudeert vwo/havo,No
2025-02-26 06:05:03,laraw250@example.com,Lara White,,Cloud Architect,,,,V6C,Engeland,Amsterdam,Eindhoven University of Technology,Bèta & Techniek,bezig met bachelors,No
2024-03-12 09:56:36,isabellad251@example.com,Isabella De Groot,Antea Group,Social Media Manager,,,"Experienced social media manager dedicated to reducing environmental impact. Alumni of Leiden University, class of 2024.",V6B,Duitsland,Twente,Leiden University,Computer Science,bezig met masters,No
2022-12-28 19:02:39,elenad252@example.com,Elena De Groot,Deloitte,Account Manager,https://linkedin.com/in/elena-de-groot-252,https://elenadegroot252.com,Alumni from Delft University of Technology specializing in Gezondheidszorg & Geneeskunde. Working as account manager with a passion for empowering teams.,V6B,Frankrijk,Amsterdam,Delft University of Technology,Gezondheidszorg & Geneeskunde,bezig met masters,Yes
2026-09-28 22:18:59,gijsl253@example.com,Gijs Lee,Achmea,Systems Administrator,,,Innovative thinker and systems administrator with a track record in quantitative analysis. Alumni of Leiden University.,V6B,Engeland,Eindhoven,Leiden University,Bèta & Techniek,bezig met bachelors,Yes
2025-10-22 11:48:25,amy254@example.com,Amy Perez,,Journalist,,,Results-oriented journalist with 2 years of experience in renewable energy. Based in Delft.,V6B,Engeland,Delft,Erasmus University Rotterdam,Gezondheidszorg & Geneeskunde,Afgestudeert vwo/havo,Yes
2023-10-05 15:42:17,williams.o255@example.com,Omar Williams,SpaceX,,https://linkedin.com/in/omar-williams-255,,Creative problem-solver working as professional at SpaceX. Graduated from Eindhoven University of Technology in 2023.,V6C,Duitsland,Den Haag,Eindhoven University of Technology,Bèta & Techniek,bezig met bachelors,No
2025-04-16 16:28:26,jamesm256@example.com,James Mol,Dura Vermeer,CEO,,,"Ambitious ceo focused on building scalable systems. Former student at Leiden University, now making an impact at Dura Vermeer.",V6A,Verenigde Staten,Den Haag,Leiden University,Economie & Business,bezig met masters,No
2024-11-01 03:29:27,zoe.smit257@example.com,Zoe Smit,Deloitte,Civil Engineer,,,Results-oriented civil engineer with 4 years of experience in operations management. Based in Den Haag.,V6A,Nederland,Den Haag,Delft University of Technology,Talen & Cultuur,Afgestudeert vwo/havo,No
2026-06-22 00:41:42,thijsd258@example.com,Thijs De Groot,Uber,Account Manager,https://linkedin.com/in/thijs-de-groot-258,,,V6B,Engeland,Amsterdam,Delft University of Technology,Computer Science,Afgestudeert vwo/havo,No
2024-09-04 23:26:16,jacobs.o259@example.com,Oliver Jacobs,Capgemini,Lawyer,https://linkedin.com/in/oliver-jacobs-259,,,V6B,Duitsland,Den Haag,University of Twente,Computer Science,Afgestudeert vwo/havo,Yes
2025-09-26 06:16:11,dylans260@example.com,Dylan Smit,,Portfolio Manager,https://linkedin.com/in/dylan-smit-260,,Innovative thinker and portfolio manager with a track record in digital transformation. Alumni of Eindhoven University of Technology.,V6B,Frankrijk,Amsterdam,Eindhoven University of Technology,Rechten,Afgestudeert vwo/havo,Yes
2025-05-04 00:13:35,verhoeven.s261@example.com,Saar Verhoeven,Google,,,,,V6A,Duitsland,Den Haag,University of Twente,Bèta & Techniek,Afgestudeert vwo/havo,Yes
2024-06-30 21:45:18,noah262@example.com,Noah De Haan,Ballast Nedam,,https://linkedin.com/in/noah-de-haan-262,,,V6B,Frankrijk,Twente,Erasmus University Rotterdam,Bèta & Techniek,Afgestudeert vwo/havo,No
2026-04-03 17:39:07,boazh263@example.com,Boaz Hernandez,NN Group,Architect,https://linkedin.com/in/boaz-hernandez-263,,,V6C,Frankrijk,Twente,University of Twente,Rechten,Afgestudeert vwo/havo,No
2022-02-20 09:35:01,rodriguez.l264@example.com,Lucas Rodriguez,Startup,,https://linkedin.com/in/lucas-rodriguez-264,,,V6B,Duitsland,Amsterdam,Delft University of Technology,Bèta & Techniek,bezig met masters,Yes
2022-12-24 16:40:13,oliver.jacobs265@example.com,Oliver Jacobs,Capgemini,Logistics Coordinator,,,,V6C,Frankrijk,Delft,Delft University of Technology,Gezondheidszorg & Geneeskunde,Afgestudeert vwo/havo,Yes
2026-01-31 06:24:37,degroot.n266@example.com,Niels De Groot,,Associate,,,Detail-oriented professional with a background in Bèta & Techniek. Currently associate at a leading organization.,V6B,Nederland,Eindhoven,Leiden University,Bèta & Techniek,Afgestudeert vwo/havo,Yes
2026-03-06 18:46:31,oscarv267@example.com,Oscar Van der Pol,Heijmans,Pharmacist,https://linkedin.com/in/oscar-van-der-pol-267,,Detail-oriented professional with a background in Computer Science. Currently pharmacist at Heijmans.,V6C,Nederland,Eindhoven,Leiden University,Computer Science,bezig met bachelors,No
2025-03-25 01:57:17,verhoeven.a268@example.com,Ali Verhoeven,,,https://linkedin.com/in/ali-verhoeven-268,,,V6B,Engeland,Twente,University of Twente,Gezondheidszorg & Geneeskunde,bezig met masters,Yes
2024-03-27 04:08:02,tygo269@example.com,Tygo Smits,,Quality Assurance,https://linkedin.com/in/tygo-smits-269,https://tygosmits269.com,,V6B,Frankrijk,Amsterdam,Vrije University Amsterdam,Rechten,bezig met bachelors,Yes
2026-04-08 00:50:06,ruben270@example.com,Ruben Van den Berg,,Intern,,,,V6A,Engeland,Delft,Erasmus University Rotterdam,Rechten,bezig met bachelors,No
2022-11-10 22:17:08,bos.t271@example.com,Tim Bos,Randstad,,,,Recent graduate from Delft University of Technology with a degree in Bèta & Techniek. Now working as professional at Randstad.,V6A,Engeland,Eindhoven,Delft University of Technology,Bèta & Techniek,bezig met masters,No
2025-02-28 02:11:12,elin.vandermark272@example.com,Elin Van der Mark,,,,,,V6C,Engeland,Amsterdam,Leiden University,Bèta & Techniek,Afgestudeert vwo/havo,No
2024-07-03 19:17:12,fatimav273@example.com,Fatima Van Veen,Uber,,,,Passionate professional with a strong background in biomedical research. Currently working at Uber where I focus on driving data-driven decisions.,V6A,Verenigde Staten,Twente,Leiden University,Talen & Cultuur,Afgestudeert vwo/havo,Yes
2023-04-14 09:41:45,jones.y274@example.com,Yara Jones,,Chemical Engineer,https://linkedin.com/in/yara-jones-274,,Results-oriented chemical engineer with 2 years of experience in cloud computing. Based in Den Haag.,V6B,Frankrijk,Den Haag,Vrije University Amsterdam,Bèta & Techniek,bezig met masters,Yes
2026-04-01 16:16:50,sven275@example.com,Sven Van der Wal,Microsoft,UX Designer,,,,V6B,Frankrijk,Twente,Vrije University Amsterdam,Rechten,bezig met bachelors,Yes
2025-05-09 21:18:54,roos.kok276@example.com,Roos Kok,KLM,,,,,V6B,Nederland,Delft,University of Twente,Economie & Business,bezig met bachelors,No
2024-01-24 08:15:58,oscarg277@example.com,Oscar Groen,Strukton,,,https://oscargroen277.com,,V6C,Nederland,Twente,Vrije University Amsterdam,Computer Science,bezig met masters,Yes
2026-07-17 11:56:21,fatima278@example.com,Fatima Martin,Philips,Urban Planner,,,Recent graduate from Leiden University with a degree in Computer Science. Now working as urban planner at Philips.,V6B,Nederland,Amsterdam,Leiden University,Computer Science,bezig met bachelors,Yes
2025-04-02 17:35:16,jacobs.l279@example.com,Liv Jacobs,ING Groep,COO,https://linkedin.com/in/liv-jacobs-279,,Detail-oriented professional with a background in Computer Science. Currently coo at ING Groep.,V6C,Verenigde Staten,Amsterdam,Leiden University,Computer Science,bezig met bachelors,No
2023-03-01 07:43:31,milou280@example.com,Milou Van Dijk,Google,,,https://milouvandijk280.com,,V6B,Frankrijk,Eindhoven,University of Twente,Computer Science,Afgestudeert vwo/havo,No
2024-12-19 00:30:48,eva281@example.com,Eva Moore,KPMG,Chemical Engineer,https://linkedin.com/in/eva-moore-281,,"Experienced chemical engineer dedicated to driving data-driven decisions. Alumni of University of Twente, class of 2024.",V6A,Verenigde Staten,Delft,University of Twente,Computer Science,bezig met masters,Yes
2023-03-14 23:40:05,lynn.rodriguez282@example.com,Lynn Rodriguez,ABN AMRO,,,,,V6B,Engeland,Delft,Eindhoven University of Technology,Computer Science,bezig met masters,No
2023-05-31 11:23:29,liv283@example.com,Liv Van Dijk,BAM Groep,Journalist,,,"Experienced journalist dedicated to enhancing customer satisfaction. Alumni of Vrije University Amsterdam, class of 2023.",V6C,Engeland,Den Haag,Vrije University Amsterdam,Bèta & Techniek,bezig met bachelors,No
2025-12-03 14:55:39,oliver.vanderhorst284@example.com,Oliver Van der Horst,,,https://linkedin.com/in/oliver-van-der-horst-284,,Driven professional with expertise in supply chain optimization. Currently professional at a leading organization.,V6A,Verenigde Staten,Amsterdam,Erasmus University Rotterdam,Talen & Cultuur,bezig met masters,No
2025-07-20 10:38:57,naomi285@example.com,Naomi De Haan,,DevOps Engineer,https://linkedin.com/in/naomi-de-haan-285,,Passionate devops engineer with a strong background in sustainable engineering. Currently working at a leading organization where I focus on pioneering new research.,V6A,Verenigde Staten,Eindhoven,Vrije University Amsterdam,Talen & Cultuur,bezig met masters,Yes
2026-12-14 07:44:28,kevin286@example.com,Kevin Van der Velden,Tesla,Marketing Manager,,,"Experienced marketing manager dedicated to automating workflows. Alumni of University of Twente, class of 2026.",V6B,Engeland,Amsterdam,University of Twente,Bèta & Techniek,Afgestudeert vwo/havo,Yes
2025-02-03 03:06:52,lottev287@example.com,Lotte Van Dijk,Vopak,,https://linkedin.com/in/lotte-van-dijk-287,,Creative problem-solver working as professional at Vopak. Graduated from Delft University of Technology in 2025.,V6C,Verenigde Staten,Amsterdam,Delft University of Technology,Economie & Business,bezig met masters,No
2023-02-21 02:19:51,ava288@example.com,Ava Van Dam,NN Group,Biomedical Engineer,https://linkedin.com/in/ava-van-dam-288,,Passionate biomedical engineer with a strong background in software development. Currently working at NN Group where I focus on pioneering new research.,V6B,Duitsland,Delft,University of Twente,Talen & Cultuur,bezig met bachelors,Yes
2025-08-05 12:43:48,britt.brown289@example.com,Britt Brown,Startup,PhD Candidate,,,Driven professional with expertise in financial modeling. Currently phd candidate at Startup.,V6B,Nederland,Eindhoven,Vrije University Amsterdam,Economie & Business,Afgestudeert vwo/havo,No
2025-09-26 13:22:26,mila290@example.com,Mila White,Unilever,,https://linkedin.com/in/mila-white-290,,Innovative thinker and professional with a track record in educational technology. Alumni of Erasmus University Rotterdam.,V6A,Nederland,Twente,Erasmus University Rotterdam,Rechten,bezig met masters,No
2024-06-09 16:30:11,oliver291@example.com,Oliver Bos,Netflix,,,,,V6A,Duitsland,Twente,Erasmus University Rotterdam,Economie & Business,bezig met masters,No
2025-03-11 20:51:24,charlotte.wilson292@example.com,Charlotte Wilson,Sweco,Machine Learning Engineer,https://linkedin.com/in/charlotte-wilson-292,,Driven professional with expertise in marketing strategy. Currently machine learning engineer at Sweco.,V6C,Duitsland,Den Haag,Vrije University Amsterdam,Bèta & Techniek,bezig met bachelors,No
2022-03-20 03:12:00,vandijk.s293@example.com,Sofia Van Dijk,EY,,https://linkedin.com/in/sofia-van-dijk-293,,Alumni from Leiden University specializing in Gezondheidszorg & Geneeskunde. Working as professional with a passion for empowering teams.,V6B,Engeland,Amsterdam,Leiden University,Gezondheidszorg & Geneeskunde,bezig met masters,Yes
2026-11-06 14:56:58,jens294@example.com,Jens Hernandez,,Security Engineer,https://linkedin.com/in/jens-hernandez-294,,,V6C,Nederland,Den Haag,Erasmus University Rotterdam,Gezondheidszorg & Geneeskunde,bezig met bachelors,No
2025-01-08 06:28:06,ellaj295@example.com,Ella Johnson,,,https://linkedin.com/in/ella-johnson-295,,,V6C,Nederland,Eindhoven,Leiden University,Bèta & Techniek,bezig met masters,No
2026-10-19 20:51:44,maryam296@example.com,Maryam Verbeek,NN Group,UX Designer,https://linkedin.com/in/maryam-verbeek-296,,,V6C,Verenigde Staten,Eindhoven,Vrije University Amsterdam,Talen & Cultuur,Afgestudeert vwo/havo,Yes
2026-10-30 01:31:54,ruben297@example.com,Ruben Bakker,Startup,,https://linkedin.com/in/ruben-bakker-297,,,V6B,Verenigde Staten,Eindhoven,Leiden University,Rechten,Afgestudeert vwo/havo,No
2023-01-15 04:41:39,mia.vanderspoel298@example.com,Mia Van der Spoel,,,https://linkedin.com/in/mia-van-der-spoel-298,,,V6B,Frankrijk,Delft,Leiden University,Rechten,Afgestudeert vwo/havo,Yes
2025-10-28 02:53:52,ava.taylor299@example.com,Ava Taylor,Heineken,Data Analyst,https://linkedin.com/in/ava-taylor-299,,,V6C,Verenigde Staten,Delft,Erasmus University Rotterdam,Rechten,bezig met bachelors,No
2025-03-08 12:23:54,sofiaw300@example.com,Sofia Willems,PwC,,https://linkedin.com/in/sofia-willems-300,https://sofiawillems300.com,,V6C,Duitsland,Eindhoven,Leiden University,Gezondheidszorg & Geneeskunde,Afgestudeert vwo/havo,No
2025-05-02 08:09:28,vanderven.g301@example.com,Guus Van der Ven,Shell,Marketing Manager,https://linkedin.com/in/guus-van-der-ven-301,https://guusvanderven301.com,,V6B,Engeland,Den Haag,University of Twente,Bèta & Techniek,bezig met masters,No
2025-03-28 21:54:55,julia.rodriguez302@example.com,Julia Rodriguez,,,https://linkedin.com/in/julia-rodriguez-302,https://juliarodriguez302.com,,V6C,Engeland,Amsterdam,Eindhoven University of Technology,Gezondheidszorg & Geneeskunde,bezig met masters,No
2026-04-20 14:49:45,guus303@example.com,Guus De Wit,Aerius,,,,Innovative thinker and professional with a track record in artificial intelligence. Alumni of Delft University of Technology.,V6A,Nederland,Twente,Delft University of Technology,Gezondheidszorg & Geneeskunde,bezig met bachelors,No
2024-05-12 07:41:10,yara304@example.com,Yara Peters,TomTom,,https://linkedin.com/in/yara-peters-304,,,V6B,Verenigde Staten,Eindhoven,Erasmus University Rotterdam,Bèta & Techniek,Afgestudeert vwo/havo,No
2024-02-07 22:12:01,thomas.o305@example.com,Omar Thomas,,Network Engineer,https://linkedin.com/in/omar-thomas-305,,"Experienced network engineer dedicated to driving data-driven decisions. Alumni of Eindhoven University of Technology, class of 2024.",V6C,Nederland,Eindhoven,Eindhoven University of Technology,Economie & Business,bezig met masters,No
2024-08-12 10:42:40,peters.b306@example.com,Boaz Peters,Booking.com,Chemical Engineer,,,,V6C,Nederland,Den Haag,University of Twente,Rechten,bezig met bachelors,No
2026-11-28 01:55:27,daan307@example.com,Daan Peeters,Witteveen+Bos,,,,,V6B,Nederland,Eindhoven,Delft University of Technology,Bèta & Techniek,bezig met masters,No
2024-06-18 00:15:54,roos.hernandez308@example.com,Roos Hernandez,Amazon,Content Creator,,,,V6C,Frankrijk,Twente,University of Twente,Gezondheidszorg & Geneeskunde,bezig met masters,No
2023-12-10 15:45:37,lopez.s309@example.com,Sam Lopez,,Investment Banker,https://linkedin.com/in/sam-lopez-309,,Creative problem-solver working as investment banker at a leading organization. Graduated from Delft University of Technology in 2023.,V6C,Verenigde Staten,Den Haag,Delft University of Technology,Economie & Business,bezig met masters,Yes
2024-01-03 21:15:09,vandermark.y310@example.com,Youssef Van der Mark,,Trader,https://linkedin.com/in/youssef-van-der-mark-310,,,V6B,Frankrijk,Twente,Eindhoven University of Technology,Gezondheidszorg & Geneeskunde,Afgestudeert vwo/havo,Yes
2025-01-31 09:11:57,stijn311@example.com,Stijn Martinez,Unilever,Operations Manager,https://linkedin.com/in/stijn-martinez-311,,Innovative thinker and operations manager with a track record in product design. Alumni of University of Twente.,V6C,Nederland,Den Haag,University of Twente,Computer Science,bezig met masters,No
2023-09-27 22:20:46,mehmet312@example.com,Mehmet De Boer,Google,Data Scientist,https://linkedin.com/in/mehmet-de-boer-312,,,V6B,Frankrijk,Delft,Eindhoven University of Technology,Gezondheidszorg & Geneeskunde,bezig met bachelors,No
2024-08-27 03:39:04,lee.m313@example.com,Mila Lee,KLM,Social Media Manager,,,,V6B,Engeland,Amsterdam,Erasmus University Rotterdam,Bèta & Techniek,Afgestudeert vwo/havo,No
2026-02-26 08:09:09,milan.devries314@example.com,Milan De Vries,NN Group,Operations Manager,,,,V6C,Verenigde Staten,Twente,Erasmus University Rotterdam,Bèta & Techniek,Afgestudeert vwo/havo,No
2025-10-20 05:08:09,gabrielv315@example.com,Gabriel Van der Pol,Achmea,Database Administrator,https://linkedin.com/in/gabriel-van-der-pol-315,,Driven professional with expertise in corporate strategy. Currently database administrator at Achmea.,V6A,Nederland,Den Haag,Eindhoven University of Technology,Talen & Cultuur,bezig met bachelors,No
2025-09-11 05:41:41,casd316@example.com,Cas De Wit,SpaceX,Underwriter,https://linkedin.com/in/cas-de-wit-316,,Results-oriented underwriter with 2 years of experience in biomedical research. Based in Amsterdam.,V6C,Nederland,Amsterdam,Vrije University Amsterdam,Computer Science,bezig met bachelors,No
2026-01-05 15:29:18,white.m317@example.com,Milan White,VolkerWessels,,https://linkedin.com/in/milan-white-317,,,V6B,Verenigde Staten,Delft,Vrije University Amsterdam,Economie & Business,bezig met masters,Yes
2022-08-23 20:04:48,peters.a318@example.com,Amy Peters,Sweco,DevOps Engineer,https://linkedin.com/in/amy-peters-318,https://amypeters318.com,,V6C,Verenigde Staten,Eindhoven,University of Twente,Economie & Business,bezig met masters,Yes
2024-10-30 04:56:35,alit319@example.com,Ali Thompson,,Interpreter,https://linkedin.com/in/ali-thompson-319,,,V6A,Engeland,Delft,Eindhoven University of Technology,Computer Science,bezig met masters,No
2023-10-26 12:52:17,meijer.m320@example.com,Maya Meijer,Booking.com,Architect,https://linkedin.com/in/maya-meijer-320,https://mayameijer320.com,,V6A,Frankrijk,Twente,Erasmus University Rotterdam,Computer Science,bezig met bachelors,Yes
2026-09-16 02:34:31,guus.thompson321@example.com,Guus Thompson,,,https://linkedin.com/in/guus-thompson-321,https://guusthompson321.com,,V6C,Duitsland,Twente,Delft University of Technology,Talen & Cultuur,Afgestudeert vwo/havo,Yes
2023-07-27 21:23:44,verbeek.z322@example.com,Zoe Verbeek,Consultant,,,,Results-oriented professional with 4 years of experience in corporate strategy. Based in Eindhoven.,V6B,Nederland,Eindhoven,Erasmus University Rotterdam,Economie & Business,bezig met bachelors,No
2024-05-31 12:02:22,yara.meijer323@example.com,Yara Meijer,Google,Claims Handler,,,,V6A,Verenigde Staten,Eindhoven,Delft University of Technology,Talen & Cultuur,bezig met masters,Yes
2024-05-11 03:45:55,mehmetv324@example.com,Mehmet Van der Spoel,Fugro,PhD Candidate,https://linkedin.com/in/mehmet-van-der-spoel-324,,Passionate phd candidate with a strong background in cloud computing. Currently working at Fugro where I focus on developing innovative products.,V6C,Duitsland,Twente,Vrije University Amsterdam,Talen & Cultuur,Afgestudeert vwo/havo,Yes
2025-12-23 12:33:28,miller.h325@example.com,Hana Miller,,,https://linkedin.com/in/hana-miller-325,,Driven professional with expertise in software development. Currently professional at a leading organization.,V6A,Nederland,Amsterdam,University of Twente,Rechten,bezig met bachelors,Yes
2026-06-15 12:34:43,mehmet326@example.com,Mehmet Smit,,,https://linkedin.com/in/mehmet-smit-326,,,V6A,Nederland,Twente,Vrije University Amsterdam,Bèta & Techniek,Afgestudeert vwo/havo,Yes
2025-08-03 22:08:02,adam327@example.com,Adam Van der Burg,,Paralegal,,,,V6B,Nederland,Amsterdam,Leiden University,Rechten,bezig met bachelors,Yes
2024-11-09 13:37:24,saar.anderson328@example.com,Saar Anderson,Netflix,,https://linkedin.com/in/saar-anderson-328,,"Ambitious professional focused on creating sustainable solutions. Former student at Delft University of Technology, now making an impact at Netflix.",V6A,Nederland,Den Haag,Delft University of Technology,Computer Science,bezig met masters,No
2023-07-25 21:48:46,willems.a329@example.com,Aya Willems,DSM,DevOps Engineer,https://linkedin.com/in/aya-willems-329,,Innovative thinker and devops engineer with a track record in blockchain technology. Alumni of Leiden University.,V6C,Nederland,Delft,Leiden University,Talen & Cultuur,Afgestudeert vwo/havo,Yes
2025-04-21 16:59:38,tessal330@example.com,Tessa Lee,Fugro,Aerospace Engineer,,,,V6B,Engeland,Den Haag,Erasmus University Rotterdam,Computer Science,Afgestudeert vwo/havo,Yes
2025-05-07 14:16:55,verbeek.m331@example.com,Milan Verbeek,KLM,,https://linkedin.com/in/milan-verbeek-331,,,V6B,Frankrijk,Amsterdam,Delft University of Technology,Rechten,bezig met masters,No
2022-06-19 06:33:24,elenav332@example.com,Elena Van den Broek,,Project Manager,https://linkedin.com/in/elena-van-den-broek-332,,,V6A,Engeland,Den Haag,Delft University of Technology,Talen & Cultuur,bezig met masters,No
2024-02-13 03:36:48,guusv333@example.com,Guus Van der Zwan,Rabobank,Teacher,https://linkedin.com/in/guus-van-der-zwan-333,,"Ambitious teacher focused on automating workflows. Former student at Delft University of Technology, now making an impact at Rabobank.",V6A,Duitsland,Den Haag,Delft University of Technology,Computer Science,bezig met masters,Yes
2025-11-22 01:18:11,bramk334@example.com,Bram Kuipers,,,,,Passionate professional with a strong background in product design. Currently working at a leading organization where I focus on enhancing customer satisfaction.,V6C,Verenigde Staten,Amsterdam,Eindhoven University of Technology,Bèta & Techniek,bezig met bachelors,Yes
2024-06-02 03:19:48,liekev335@example.com,Lieke Van der Zee,,Aerospace Engineer,,,,V6B,Nederland,Amsterdam,Eindhoven University of Technology,Computer Science,bezig met masters,Yes
2026-11-30 04:24:49,sem.degroot336@example.com,Sem De Groot,Stripe,,https://linkedin.com/in/sem-de-groot-336,,Innovative thinker and professional with a track record in educational technology. Alumni of Eindhoven University of Technology.,V6C,Nederland,Amsterdam,Eindhoven University of Technology,Computer Science,bezig met bachelors,Yes
2025-08-26 20:55:31,dejong.g337@example.com,Gabriel De Jong,Meta,,https://linkedin.com/in/gabriel-de-jong-337,,,V6B,Duitsland,Eindhoven,Delft University of Technology,Gezondheidszorg & Geneeskunde,bezig met bachelors,No
2025-10-28 10:14:46,feline.verbeek338@example.com,Feline Verbeek,Apple,,https://linkedin.com/in/feline-verbeek-338,,,V6C,Nederland,Delft,Leiden University,Rechten,bezig met masters,Yes
2024-07-07 19:57:47,thijs.koning339@example.com,Thijs Koning,Ahold Delhaize,,,,,V6B,Frankrijk,Twente,Leiden University,Economie & Business,Afgestudeert vwo/havo,No
2024-01-30 21:12:03,lotte340@example.com,Lotte Martin,,,,,,V6A,Verenigde Staten,Twente,Delft University of Technology,Economie & Business,bezig met bachelors,Yes
2026-01-09 08:13:46,fleurv341@example.com,Fleur Van Leeuwen,Ahold Delhaize,,https://linkedin.com/in/fleur-van-leeuwen-341,,,V6C,Frankrijk,Den Haag,Eindhoven University of Technology,Gezondheidszorg & Geneeskunde,bezig met bachelors,No
2025-08-09 07:10:07,lucasv342@example.com,Lucas Van den Berg,,Security Engineer,https://linkedin.com/in/lucas-van-den-berg-342,,,V6C,Duitsland,Twente,Vrije University Amsterdam,Computer Science,bezig met masters,No
2023-03-10 02:28:03,eva343@example.com,Eva Van Dam,Meta,,,https://evavandam343.com,,V6B,Duitsland,Twente,Erasmus University Rotterdam,Bèta & Techniek,Afgestudeert vwo/havo,No
2025-02-17 04:22:08,luca344@example.com,Luca Janssen,Palantir,Physical Therapist,https://linkedin.com/in/luca-janssen-344,,Creative problem-solver working as physical therapist at Palantir. Graduated from Erasmus University Rotterdam in 2025.,V6C,Duitsland,Delft,Erasmus University Rotterdam,Gezondheidszorg & Geneeskunde,bezig met bachelors,Yes
2024-02-13 14:51:26,ruben.kok345@example.com,Ruben Kok,,Co-Founder,https://linkedin.com/in/ruben-kok-345,,,V6B,Duitsland,Eindhoven,University of Twente,Rechten,bezig met masters,No
2022-11-26 21:27:38,vandijk.e346@example.com,Eva Van Dijk,Arcadis,Consultant,https://linkedin.com/in/eva-van-dijk-346,,,V6A,Frankrijk,Eindhoven,Erasmus University Rotterdam,Gezondheidszorg & Geneeskunde,Afgestudeert vwo/havo,Yes
2024-04-20 13:08:01,bos.z347@example.com,Zainab Bos,Antea Group,CTO,,,,V6B,Engeland,Den Haag,University of Twente,Talen & Cultuur,bezig met bachelors,No
2023-04-28 18:19:08,eva.vanderstelt348@example.com,Eva Van der Stelt,Palantir,,https://linkedin.com/in/eva-van-der-stelt-348,,,V6A,Engeland,Twente,Erasmus University Rotterdam,Bèta & Techniek,bezig met masters,Yes
2022-11-17 21:11:32,jansen.m349@example.com,Mia Jansen,Dura Vermeer,Associate,https://linkedin.com/in/mia-jansen-349,,,V6A,Verenigde Staten,Den Haag,Eindhoven University of Technology,Gezondheidszorg & Geneeskunde,bezig met masters,No
2023-12-19 03:55:30,vandervelden.c350@example.com,Casper Van der Velden,Cloudflare,Software Engineer,https://linkedin.com/in/casper-van-der-velden-350,,Driven professional with expertise in cloud computing. Currently software engineer at Cloudflare.,V6C,Engeland,Amsterdam,University of Twente,Computer Science,bezig met bachelors,No
2026-03-05 05:50:46,britt351@example.com,Britt Mulder,SpaceX,,https://linkedin.com/in/britt-mulder-351,,"Experienced professional dedicated to creating sustainable solutions. Alumni of Vrije University Amsterdam, class of 2026.",V6C,Nederland,Delft,Vrije University Amsterdam,Computer Science,bezig met masters,Yes
2025-03-06 21:49:10,lisa.verhoeven352@example.com,Lisa Verhoeven,Shopify,Systems Administrator,https://linkedin.com/in/lisa-verhoeven-352,,,V6C,Nederland,Eindhoven,Erasmus University Rotterdam,Computer Science,Afgestudeert vwo/havo,Yes
2023-03-27 20:55:37,luuk.vanderwal353@example.com,Luuk Van der Wal,Amazon,,https://linkedin.com/in/luuk-van-der-wal-353,,,V6B,Engeland,Twente,Leiden University,Rechten,Afgestudeert vwo/havo,Yes
2022-11-13 08:22:51,isabellav354@example.com,Isabella Van Leeuwen,,Data Analyst,,https://isabellavanleeuwen354.com,,V6B,Frankrijk,Eindhoven,Leiden University,Rechten,bezig met masters,No
2023-11-04 23:48:36,williamv355@example.com,William Van der Linden,Ahold Delhaize,Accountant,https://linkedin.com/in/william-van-der-linden-355,,Innovative thinker and accountant with a track record in renewable energy. Alumni of Eindhoven University of Technology.,V6A,Nederland,Amsterdam,Eindhoven University of Technology,Talen & Cultuur,Afgestudeert vwo/havo,Yes
2022-11-25 12:00:02,milan.janssen356@example.com,Milan Janssen,Philips,,,,Alumni from Erasmus University Rotterdam specializing in Computer Science. Working as professional with a passion for optimizing business processes.,V6A,Frankrijk,Den Haag,Erasmus University Rotterdam,Computer Science,bezig met bachelors,Yes
2026-12-24 11:28:08,jensj357@example.com,Jens Jackson,Adyen,Graduate Trainee,,,,V6C,Verenigde Staten,Delft,Erasmus University Rotterdam,Bèta & Techniek,Afgestudeert vwo/havo,Yes
2025-05-21 07:05:53,gijsp358@example.com,Gijs Peters,,,https://linkedin.com/in/gijs-peters-358,,Detail-oriented professional with a background in Talen & Cultuur. Currently professional at a leading organization.,V6B,Nederland,Delft,Delft University of Technology,Talen & Cultuur,Afgestudeert vwo/havo,Yes
2022-09-19 19:36:59,vanleeuwen.b359@example.com,Britt Van Leeuwen,Grontmij,Actuary,https://linkedin.com/in/britt-van-leeuwen-359,,Recent graduate from Eindhoven University of Technology with a degree in Computer Science. Now working as actuary at Grontmij.,V6B,Verenigde Staten,Amsterdam,Eindhoven University of Technology,Computer Science,bezig met bachelors,Yes
2023-06-14 22:31:48,vanderlinden.s360@example.com,Sofia Van der Linden,Deloitte,,,,Alumni from Erasmus University Rotterdam specializing in Bèta & Techniek. Working as professional with a passion for expanding market reach.,V6B,Verenigde Staten,Delft,Erasmus University Rotterdam,Bèta & Techniek,bezig met bachelors,Yes
2022-01-21 12:37:12,smith.l361@example.com,Lisa Smith,,Biomedical Engineer,,https://lisasmith361.com,"Ambitious biomedical engineer focused on expanding market reach. Former student at Erasmus University Rotterdam, now making an impact at a leading organization.",V6B,Engeland,Twente,Erasmus University Rotterdam,Computer Science,Afgestudeert vwo/havo,Yes
2025-07-30 15:53:22,naomiv362@example.com,Naomi Van den Broek,Capgemini,,,,,V6B,Engeland,Den Haag,Leiden University,Computer Science,bezig met bachelors,No
2023-09-14 02:09:22,iris.martinez363@example.com,Iris Martinez,,Portfolio Manager,,https://irismartinez363.com,Alumni from Eindhoven University of Technology specializing in Talen & Cultuur. Working as portfolio manager with a passion for improving accessibility.,V6B,Duitsland,Twente,Eindhoven University of Technology,Talen & Cultuur,Afgestudeert vwo/havo,Yes
2024-07-11 02:51:19,vandermeer.e364@example.com,Ella Van der Meer,PwC,Entrepreneur,,,Creative problem-solver working as entrepreneur at PwC. Graduated from Vrije University Amsterdam in 2024.,V6C,Engeland,Twente,Vrije University Amsterdam,Rechten,bezig met masters,Yes
2024-09-13 19:12:12,mila.vandijk365@example.com,Mila Van Dijk,Apple,Graduate Trainee,https://linkedin.com/in/mila-van-dijk-365,,,V6B,Engeland,Amsterdam,Eindhoven University of Technology,Gezondheidszorg & Geneeskunde,bezig met bachelors,No
2024-09-27 06:48:11,sem366@example.com,Sem Thompson,Adyen,,https://linkedin.com/in/sem-thompson-366,,Passionate professional with a strong background in supply chain optimization. Currently working at Adyen where I focus on expanding market reach.,V6C,Duitsland,Amsterdam,Eindhoven University of Technology,Computer Science,bezig met bachelors,No
2023-09-04 18:46:09,lieke.wilson367@example.com,Lieke Wilson,,Lawyer,https://linkedin.com/in/lieke-wilson-367,,,V6C,Duitsland,Den Haag,Vrije University Amsterdam,Gezondheidszorg & Geneeskunde,bezig met bachelors,No
2025-07-26 05:52:19,jesse.dewit368@example.com,Jesse De Wit,Airbnb,,https://linkedin.com/in/jesse-de-wit-368,,Driven professional with expertise in machine learning. Currently professional at Airbnb.,V6C,Frankrijk,Amsterdam,Vrije University Amsterdam,Gezondheidszorg & Geneeskunde,bezig met bachelors,Yes
2025-03-24 16:51:50,vandervelden.j369@example.com,Jens Van der Velden,Antea Group,Risk Manager,https://linkedin.com/in/jens-van-der-velden-369,,,V6C,Frankrijk,Den Haag,Delft University of Technology,Computer Science,bezig met masters,Yes
2026-04-14 16:00:44,pim.lee370@example.com,Pim Lee,Apple,Editor,https://linkedin.com/in/pim-lee-370,,,V6B,Engeland,Twente,Leiden University,Economie & Business,bezig met masters,Yes
2022-11-03 16:15:22,yara.koning371@example.com,Yara Koning,Shell,Data Analyst,https://linkedin.com/in/yara-koning-371,,,V6B,Engeland,Amsterdam,Erasmus University Rotterdam,Rechten,bezig met bachelors,Yes
2023-10-13 05:51:12,daniel.williams372@example.com,Daniel Williams,Bosch,SEO Specialist,,,Recent graduate from Eindhoven University of Technology with a degree in Computer Science. Now working as seo specialist at Bosch.,V6B,Duitsland,Amsterdam,Eindhoven University of Technology,Computer Science,Afgestudeert vwo/havo,Yes
2023-04-17 14:57:59,sem.taylor373@example.com,Sem Taylor,,Graduate Trainee,,,,V6C,Verenigde Staten,Twente,Erasmus University Rotterdam,Rechten,Afgestudeert vwo/havo,Yes
2026-01-09 04:25:33,milan.thomas374@example.com,Milan Thomas,Meta,Mechanical Engineer,https://linkedin.com/in/milan-thomas-374,,,V6C,Verenigde Staten,Delft,Erasmus University Rotterdam,Gezondheidszorg & Geneeskunde,bezig met bachelors,No
2024-12-29 15:09:26,omar375@example.com,Omar Koning,Grontmij,IT Support,,,Driven professional with expertise in marketing strategy. Currently it support at Grontmij.,V6C,Verenigde Staten,Twente,Eindhoven University of Technology,Economie & Business,bezig met bachelors,No
2026-11-15 13:12:11,gijs376@example.com,Gijs Lee,,,https://linkedin.com/in/gijs-lee-376,https://gijslee376.com,,V6A,Engeland,Twente,University of Twente,Talen & Cultuur,bezig met bachelors,No
2023-04-29 15:54:34,max.dewit377@example.com,Max De Wit,,,https://linkedin.com/in/max-de-wit-377,https://maxdewit377.com,,V6A,Verenigde Staten,Twente,University of Twente,Rechten,Afgestudeert vwo/havo,No
2025-11-18 02:02:31,jamesv378@example.com,James Van Leeuwen,KPMG,,,,,V6B,Engeland,Twente,University of Twente,Rechten,bezig met bachelors,Yes
2026-06-29 14:06:44,jesse.jacobs379@example.com,Jesse Jacobs,AkzoNobel,Supply Chain Analyst,,,,V6A,Nederland,Amsterdam,Vrije University Amsterdam,Computer Science,bezig met masters,Yes
2026-07-11 21:48:10,fatima.vandam380@example.com,Fatima Van Dam,Tesla,Aerospace Engineer,https://linkedin.com/in/fatima-van-dam-380,,,V6C,Nederland,Amsterdam,University of Twente,Bèta & Techniek,bezig met bachelors,No
2026-03-15 12:59:33,rosav381@example.com,Rosa Van Wijk,,,https://linkedin.com/in/rosa-van-wijk-381,,,V6B,Verenigde Staten,Twente,Erasmus University Rotterdam,Bèta & Techniek,Afgestudeert vwo/havo,No
2026-06-04 09:28:42,stijn.vanderlinden382@example.com,Stijn Van der Linden,Strukton,Underwriter,,,,V6C,Engeland,Amsterdam,Delft University of Technology,Talen & Cultuur,Afgestudeert vwo/havo,No
2024-06-02 06:50:27,adam383@example.com,Adam Taylor,Booking.com,Editor,https://linkedin.com/in/adam-taylor-383,,"Experienced editor dedicated to optimizing business processes. Alumni of Delft University of Technology, class of 2024.",V6C,Frankrijk,Amsterdam,Delft University of Technology,Gezondheidszorg & Geneeskunde,bezig met masters,No
2026-07-13 20:58:48,vandam.t384@example.com,Tess Van Dam,,,https://linkedin.com/in/tess-van-dam-384,,,V6C,Engeland,Den Haag,Leiden University,Economie & Business,bezig met bachelors,Yes
2023-01-14 22:15:37,jesse385@example.com,Jesse De Wit,SpaceX,,https://linkedin.com/in/jesse-de-wit-385,,"Experienced professional dedicated to advancing medical technology. Alumni of Delft University of Technology, class of 2023.",V6A,Frankrijk,Twente,Delft University of Technology,Rechten,Afgestudeert vwo/havo,Yes
2026-11-16 10:55:28,janssen.b386@example.com,Britt Janssen,Freelance,Mechanical Engineer,,,,V6A,Duitsland,Amsterdam,Erasmus University Rotterdam,Gezondheidszorg & Geneeskunde,Afgestudeert vwo/havo,Yes
2024-08-17 06:21:12,alia387@example.com,Ali Anderson,ASML,Intern,https://linkedin.com/in/ali-anderson-387,,Recent graduate from Leiden University with a degree in Economie & Business. Now working as intern at ASML.,V6A,Engeland,Amsterdam,Leiden University,Economie & Business,bezig met bachelors,Yes
2023-01-19 21:45:05,vanderzwan.j388@example.com,James Van der Zwan,Dura Vermeer,Software Engineer,https://linkedin.com/in/james-van-der-zwan-388,https://jamesvanderzwan388.com,Alumni from University of Twente specializing in Computer Science. Working as software engineer with a passion for driving data-driven decisions.,V6C,Engeland,Delft,University of Twente,Computer Science,bezig met masters,Yes
2023-07-10 15:00:28,moore.t389@example.com,Tygo Moore,Ballast Nedam,Risk Manager,https://linkedin.com/in/tygo-moore-389,,,V6A,Engeland,Twente,Leiden University,Computer Science,bezig met masters,Yes
2025-02-06 02:19:59,lisa390@example.com,Lisa Visser,Freelance,Logistics Coordinator,https://linkedin.com/in/lisa-visser-390,,,V6B,Nederland,Twente,Leiden University,Bèta & Techniek,Afgestudeert vwo/havo,No
2023-02-19 15:05:12,noav391@example.com,Noa Van der Zanden,NN Group,,https://linkedin.com/in/noa-van-der-zanden-391,,Alumni from Eindhoven University of Technology specializing in Economie & Business. Working as professional with a passion for improving accessibility.,V6A,Duitsland,Twente,Eindhoven University of Technology,Economie & Business,bezig met bachelors,No
2026-01-07 07:38:06,sara.gonzalez392@example.com,Sara Gonzalez,Heineken,CTO,https://linkedin.com/in/sara-gonzalez-392,https://saragonzalez392.com,,V6C,Frankrijk,Delft,Leiden University,Gezondheidszorg & Geneeskunde,bezig met masters,Yes
2025-04-13 22:40:20,aliv393@example.com,Ali Van der Zanden,,,https://linkedin.com/in/ali-van-der-zanden-393,,,V6C,Duitsland,Delft,Vrije University Amsterdam,Computer Science,bezig met bachelors,No
2025-06-07 07:43:38,livg394@example.com,Liv Groen,Strukton,,https://linkedin.com/in/liv-groen-394,,,V6A,Engeland,Amsterdam,Delft University of Technology,Rechten,bezig met masters,No
2024-08-31 03:17:39,omar395@example.com,Omar Hoekstra,Rabobank,Mechanical Engineer,,,Detail-oriented professional with a background in Computer Science. Currently mechanical engineer at Rabobank.,V6A,Nederland,Den Haag,Eindhoven University of Technology,Computer Science,Afgestudeert vwo/havo,Yes
2024-11-18 03:02:29,gabrielv396@example.com,Gabriel Van der Zanden,ING Groep,Aerospace Engineer,,,Passionate aerospace engineer with a strong background in software development. Currently working at ING Groep where I focus on advancing medical technology.,V6B,Engeland,Amsterdam,Eindhoven University of Technology,Bèta & Techniek,Afgestudeert vwo/havo,Yes
2023-01-24 13:48:31,vanderzee.m397@example.com,Mehmet Van der Zee,,,https://linkedin.com/in/mehmet-van-der-zee-397,,Creative problem-solver working as professional at a leading organization. Graduated from Eindhoven University of Technology in 2023.,V6B,Nederland,Twente,Eindhoven University of Technology,Talen & Cultuur,bezig met masters,No
2025-06-20 03:29:15,thompson.l398@example.com,Luuk Thompson,,,,,,V6C,Engeland,Amsterdam,Erasmus University Rotterdam,Gezondheidszorg & Geneeskunde,bezig met masters,Yes
2026-11-07 14:15:26,bram399@example.com,Bram Thomas,,,,,"Experienced professional dedicated to driving data-driven decisions. Alumni of University of Twente, class of 2026.",V6B,Engeland,Twente,University of Twente,Computer Science,bezig met masters,No
2024-04-11 06:54:24,zainabj400@example.com,Zainab Johnson,Aegon,Project Manager,,,,V6B,Duitsland,Den Haag,Erasmus University Rotterdam,Bèta & Techniek,Afgestudeert vwo/havo,Yes
2026-11-28 10:20:25,max.hendriks401@example.com,Max Hendriks,,Mechanical Engineer,https://linkedin.com/in/max-hendriks-401,https://maxhendriks401.com,Detail-oriented professional with a background in Gezondheidszorg & Geneeskunde. Currently mechanical engineer at a leading organization.,V6A,Engeland,Delft,Leiden University,Gezondheidszorg & Geneeskunde,Afgestudeert vwo/havo,No
2026-12-20 19:00:10,gijs.vanderzwan402@example.com,Gijs Van der Zwan,,,https://linkedin.com/in/gijs-van-der-zwan-402,,,V6A,Frankrijk,Amsterdam,Vrije University Amsterdam,Economie & Business,Afgestudeert vwo/havo,Yes
2026-07-03 22:51:44,kuipers.c403@example.com,Clara Kuipers,,Project Manager,https://linkedin.com/in/clara-kuipers-403,,,V6A,Nederland,Den Haag,Eindhoven University of Technology,Talen & Cultuur,Afgestudeert vwo/havo,Yes
2026-07-20 10:54:57,jens.vandam404@example.com,Jens Van Dam,Shopify,Translator,https://linkedin.com/in/jens-van-dam-404,,Results-oriented translator with 0 years of experience in educational technology. Based in Den Haag.,V6B,Verenigde Staten,Den Haag,Eindhoven University of Technology,Talen & Cultuur,bezig met bachelors,No
2024-12-10 00:05:40,gabriel.devries405@example.com,Gabriel De Vries,Antea Group,Doctor,https://linkedin.com/in/gabriel-de-vries-405,,Detail-oriented professional with a background in Computer Science. Currently doctor at Antea Group.,V6A,Verenigde Staten,Eindhoven,Delft University of Technology,Computer Science,bezig met masters,No
2025-06-01 11:00:11,liamv406@example.com,Liam Van der Laan,Databricks,Managing Director,https://linkedin.com/in/liam-van-der-laan-406,,,V6B,Duitsland,Twente,Erasmus University Rotterdam,Gezondheidszorg & Geneeskunde,Afgestudeert vwo/havo,Yes
2024-07-16 02:14:13,emily407@example.com,Emily Bos,Aegon,Managing Director,https://linkedin.com/in/emily-bos-407,,,V6B,Engeland,Eindhoven,Delft University of Technology,Computer Science,Afgestudeert vwo/havo,No
2025-11-13 13:05:20,finn.white408@example.com,Finn White,ASML,Editor,,,,V6C,Frankrijk,Eindhoven,Erasmus University Rotterdam,Gezondheidszorg & Geneeskunde,bezig met bachelors,No
2026-07-04 23:00:01,floris.vanderheijden409@example.com,Floris Van der Heijden,Fugro,,https://linkedin.com/in/floris-van-der-heijden-409,https://florisvanderheijden409.com,,V6C,Engeland,Twente,Delft University of Technology,Economie & Business,Afgestudeert vwo/havo,No
2026-02-26 01:24:14,vandriel.i410@example.com,Isabella Van Driel,,,,,"Ambitious professional focused on advancing medical technology. Former student at University of Twente, now making an impact at a leading organization.",V6C,Engeland,Twente,University of Twente,Talen & Cultuur,bezig met masters,No
2022-03-01 12:54:05,groen.o411@example.com,Omar Groen,Aegon,,https://linkedin.com/in/omar-groen-411,,,V6C,Engeland,Amsterdam,Delft University of Technology,Gezondheidszorg & Geneeskunde,bezig met masters,No
2022-08-01 15:25:03,eva412@example.com,Eva Van Driel,Shell,,https://linkedin.com/in/eva-van-driel-412,,,V6A,Duitsland,Delft,Erasmus University Rotterdam,Rechten,bezig met masters,No
2026-09-17 02:56:53,vandermark.a413@example.com,Ava Van der Mark,Databricks,,,,,V6C,Frankrijk,Den Haag,Erasmus University Rotterdam,Bèta & Techniek,bezig met masters,No
2025-12-03 07:16:20,clara.vandenbroek414@example.com,Clara Van den Broek,,Compliance Officer,https://linkedin.com/in/clara-van-den-broek-414,,,V6B,Frankrijk,Amsterdam,University of Twente,Talen & Cultuur,bezig met masters,No
2023-12-30 13:50:48,sophie415@example.com,Sophie Wilson,EY,Accountant,https://linkedin.com/in/sophie-wilson-415,,Passionate accountant with a strong background in marketing strategy. Currently working at EY where I focus on enhancing customer satisfaction.,V6C,Nederland,Eindhoven,Vrije University Amsterdam,Rechten,bezig met bachelors,Yes
2024-02-05 08:24:55,anderson.d416@example.com,David Anderson,,Risk Manager,https://linkedin.com/in/david-anderson-416,,,V6A,Duitsland,Twente,Erasmus University Rotterdam,Talen & Cultuur,Afgestudeert vwo/havo,No
2026-04-26 17:47:17,benjaminm417@example.com,Benjamin Martinez,AkzoNobel,Consultant,https://linkedin.com/in/benjamin-martinez-417,,,V6C,Verenigde Staten,Amsterdam,Vrije University Amsterdam,Gezondheidszorg & Geneeskunde,Afgestudeert vwo/havo,Yes
2026-04-15 13:56:30,vanderlinden.r418@example.com,Ruben Van der Linden,,Electrical Engineer,https://linkedin.com/in/ruben-van-der-linden-418,,,V6C,Frankrijk,Den Haag,Eindhoven University of Technology,Bèta & Techniek,bezig met masters,No
2024-06-06 23:08:48,hernandez.t419@example.com,Tessa Hernandez,Shell,Journalist,,https://tessahernandez419.com,,V6C,Frankrijk,Amsterdam,Erasmus University Rotterdam,Bèta & Techniek,bezig met masters,Yes
2026-08-30 01:37:19,ayaj420@example.com,Aya Jones,,Managing Director,,,,V6C,Engeland,Eindhoven,Eindhoven University of Technology,Economie & Business,Afgestudeert vwo/havo,No
2026-08-07 16:18:02,nora.jansen421@example.com,Nora Jansen,,Postdoc Researcher,https://linkedin.com/in/nora-jansen-421,,,V6B,Verenigde Staten,Eindhoven,Vrije University Amsterdam,Gezondheidszorg & Geneeskunde,Afgestudeert vwo/havo,Yes
2026-10-02 20:44:46,mia.hoekstra422@example.com,Mia Hoekstra,,,,,Driven professional with expertise in urban planning. Currently professional at a leading organization.,V6A,Frankrijk,Eindhoven,Leiden University,Computer Science,bezig met bachelors,No
2026-07-28 23:44:55,hugo423@example.com,Hugo Taylor,Rabobank,Software Engineer,https://linkedin.com/in/hugo-taylor-423,https://hugotaylor423.com,,V6A,Verenigde Staten,Twente,Vrije University Amsterdam,Computer Science,bezig met masters,No
2025-12-30 14:27:44,hana.white424@example.com,Hana White,Palantir,Systems Administrator,,,,V6C,Duitsland,Twente,Erasmus University Rotterdam,Computer Science,Afgestudeert vwo/havo,Yes
2024-12-17 06:37:18,liam.vanveen425@example.com,Liam Van Veen,,Systems Administrator,https://linkedin.com/in/liam-van-veen-425,,Innovative thinker and systems administrator with a track record in software development. Alumni of Erasmus University Rotterdam.,V6C,Duitsland,Den Haag,Erasmus University Rotterdam,Talen & Cultuur,bezig met bachelors,Yes
2026-02-19 11:44:31,aya.hoekstra426@example.com,Aya Hoekstra,,Founder,https://linkedin.com/in/aya-hoekstra-426,,,V6C,Frankrijk,Eindhoven,Vrije University Amsterdam,Rechten,Afgestudeert vwo/havo,Yes
2026-05-06 10:34:16,pim427@example.com,Pim Postma,ING Groep,,,,,V6B,Frankrijk,Twente,Delft University of Technology,Talen & Cultuur,bezig met masters,Yes
2022-03-17 13:52:45,stijn.vanderlaan428@example.com,Stijn Van der Laan,Cloudflare,CFO,,,,V6A,Nederland,Delft,Eindhoven University of Technology,Bèta & Techniek,bezig met bachelors,No
2025-11-10 19:39:23,larav429@example.com,Lara Van Dijk,,Financial Analyst,,,,V6B,Duitsland,Amsterdam,University of Twente,Computer Science,Afgestudeert vwo/havo,Yes
2025-08-13 20:03:37,mehmet430@example.com,Mehmet Verbeek,Datadog,Network Engineer,,,,V6C,Verenigde Staten,Amsterdam,Vrije University Amsterdam,Bèta & Techniek,bezig met bachelors,Yes
2025-08-06 04:39:46,bakker.m431@example.com,Mila Bakker,Adyen,,https://linkedin.com/in/mila-bakker-431,,,V6A,Duitsland,Eindhoven,University of Twente,Talen & Cultuur,Afgestudeert vwo/havo,Yes
2024-12-30 02:55:27,jayden.vanderburg432@example.com,Jayden Van der Burg,Stripe,Postdoc Researcher,,,Passionate postdoc researcher with a strong background in artificial intelligence. Currently working at Stripe where I focus on automating workflows.,V6B,Engeland,Twente,Eindhoven University of Technology,Bèta & Techniek,bezig met masters,Yes
2023-02-23 11:12:09,maud.vanderveen433@example.com,Maud Van der Veen,Adyen,Teacher,,https://maudvanderveen433.com,Passionate teacher with a strong background in sustainable engineering. Currently working at Adyen where I focus on improving accessibility.,V6C,Duitsland,Delft,Eindhoven University of Technology,Talen & Cultuur,bezig met masters,No
2022-07-16 22:35:16,demi434@example.com,Demi White,,,https://linkedin.com/in/demi-white-434,,Detail-oriented professional with a background in Bèta & Techniek. Currently professional at a leading organization.,V6B,Duitsland,Delft,Delft University of Technology,Bèta & Techniek,bezig met masters,Yes
2024-03-04 00:33:32,juliaj435@example.com,Julia Jacobs,,Account Manager,,,,V6C,Duitsland,Eindhoven,Vrije University Amsterdam,Gezondheidszorg & Geneeskunde,bezig met masters,No
2024-01-29 15:13:27,avab436@example.com,Ava Brown,,Journalist,https://linkedin.com/in/ava-brown-436,,,V6B,Duitsland,Twente,Erasmus University Rotterdam,Talen & Cultuur,Afgestudeert vwo/havo,Yes
2024-08-03 08:21:38,lynnv437@example.com,Lynn Van Leeuwen,Fugro,IT Support,https://linkedin.com/in/lynn-van-leeuwen-437,https://lynnvanleeuwen437.com,,V6A,Duitsland,Den Haag,Erasmus University Rotterdam,Gezondheidszorg & Geneeskunde,bezig met masters,Yes
2024-05-24 14:33:21,juliav438@example.com,Julia Van den Berg,,,https://linkedin.com/in/julia-van-den-berg-438,,Detail-oriented professional with a background in Gezondheidszorg & Geneeskunde. Currently professional at a leading organization.,V6B,Nederland,Delft,Erasmus University Rotterdam,Gezondheidszorg & Geneeskunde,bezig met bachelors,Yes
2026-05-08 06:12:16,sofiav439@example.com,Sofia Van der Linden,,Supply Chain Analyst,,,,V6B,Verenigde Staten,Amsterdam,Vrije University Amsterdam,Bèta & Techniek,Afgestudeert vwo/havo,No
2026-09-08 12:30:09,mehmetv440@example.com,Mehmet Van der Laan,,,,,Results-oriented professional with 2 years of experience in artificial intelligence. Based in Eindhoven.,V6A,Engeland,Eindhoven,Delft University of Technology,Rechten,bezig met masters,No
2026-06-03 18:03:18,levi441@example.com,Levi Van den Broek,Zelfstandig,,https://linkedin.com/in/levi-van-den-broek-441,,,V6B,Frankrijk,Amsterdam,Erasmus University Rotterdam,Rechten,Afgestudeert vwo/havo,No
2025-08-30 05:18:44,svend442@example.com,Sven De Haan,,Partner,https://linkedin.com/in/sven-de-haan-442,,,V6B,Engeland,Eindhoven,Leiden University,Rechten,bezig met masters,Yes
2026-12-26 20:35:35,vanderzanden.l443@example.com,Lotte Van der Zanden,Startup,Supply Chain Analyst,https://linkedin.com/in/lotte-van-der-zanden-443,,,V6B,Nederland,Delft,Delft University of Technology,Gezondheidszorg & Geneeskunde,bezig met masters,Yes
2022-04-27 07:18:05,sofia444@example.com,Sofia De Boer,Vopak,Security Engineer,https://linkedin.com/in/sofia-de-boer-444,,,V6C,Duitsland,Den Haag,University of Twente,Bèta & Techniek,Afgestudeert vwo/havo,No
2025-07-20 07:50:26,vanderburg.r445@example.com,Ryan Van der Burg,,,https://linkedin.com/in/ryan-van-der-burg-445,,Detail-oriented professional with a background in Computer Science. Currently professional at a leading organization.,V6A,Engeland,Den Haag,Erasmus University Rotterdam,Computer Science,bezig met masters,Yes
2026-11-21 00:13:45,jamesp446@example.com,James Peeters,Shopify,Underwriter,,https://jamespeeters446.com,,V6A,Frankrijk,Den Haag,Leiden University,Computer Science,Afgestudeert vwo/havo,No
2025-11-07 08:34:42,vandermark.b447@example.com,Bram Van der Mark,Airbnb,,,,Innovative thinker and professional with a track record in supply chain optimization. Alumni of Delft University of Technology.,V6C,Nederland,Eindhoven,Delft University of Technology,Rechten,Afgestudeert vwo/havo,No
2022-03-19 06:48:09,mulder.k448@example.com,Kevin Mulder,Deloitte,Underwriter,https://linkedin.com/in/kevin-mulder-448,,,V6A,Nederland,Eindhoven,Erasmus University Rotterdam,Economie & Business,bezig met masters,No
2025-01-27 16:55:03,miloum449@example.com,Milou Maas,,Sales Representative,https://linkedin.com/in/milou-maas-449,https://miloumaas449.com,,V6B,Engeland,Twente,Erasmus University Rotterdam,Economie & Business,Afgestudeert vwo/havo,No
2022-06-05 01:09:27,daanb450@example.com,Daan Brouwer,Datadog,Intern,,,Driven professional with expertise in UX research. Currently intern at Datadog.,V6C,Engeland,Delft,Erasmus University Rotterdam,Economie & Business,Afgestudeert vwo/havo,No
2026-10-12 18:19:44,hugo.vanderzanden451@example.com,Hugo Van der Zanden,Sweco,Claims Handler,https://linkedin.com/in/hugo-van-der-zanden-451,,,V6B,Engeland,Eindhoven,Erasmus University Rotterdam,Talen & Cultuur,Afgestudeert vwo/havo,Yes
2026-01-30 17:20:42,milou.martens452@example.com,Milou Martens,Heineken,Nurse,https://linkedin.com/in/milou-martens-452,,Detail-oriented professional with a background in Talen & Cultuur. Currently nurse at Heineken.,V6B,Nederland,Den Haag,Eindhoven University of Technology,Talen & Cultuur,bezig met masters,Yes
2024-10-02 09:17:14,noras453@example.com,Nora Smits,Cloudflare,,,,Results-oriented professional with 4 years of experience in renewable energy. Based in Twente.,V6B,Duitsland,Twente,Erasmus University Rotterdam,Talen & Cultuur,Afgestudeert vwo/havo,Yes
2023-09-18 17:49:42,lucasd454@example.com,Lucas De Groot,Palantir,Graphic Designer,,,,V6A,Frankrijk,Amsterdam,Erasmus University Rotterdam,Gezondheidszorg & Geneeskunde,Afgestudeert vwo/havo,No
2025-01-19 21:35:16,lisah455@example.com,Lisa Hendriks,,Marketing Manager,,,,V6C,Nederland,Twente,University of Twente,Gezondheidszorg & Geneeskunde,bezig met bachelors,Yes
2022-07-19 00:50:49,sem.jacobs456@example.com,Sem Jacobs,Shell,,https://linkedin.com/in/sem-jacobs-456,,,V6C,Nederland,Den Haag,Delft University of Technology,Computer Science,Afgestudeert vwo/havo,Yes
2022-03-24 15:08:27,liekev457@example.com,Lieke Van den Broek,,Trader,https://linkedin.com/in/lieke-van-den-broek-457,,Recent graduate from Delft University of Technology with a degree in Talen & Cultuur. Now working as trader at a leading organization.,V6B,Duitsland,Den Haag,Delft University of Technology,Talen & Cultuur,bezig met masters,No
2025-10-27 14:01:43,avam458@example.com,Ava Mulder,Startup,,https://linkedin.com/in/ava-mulder-458,,Results-oriented professional with 1 years of experience in quantitative analysis. Based in Delft.,V6C,Verenigde Staten,Delft,Delft University of Technology,Bèta & Techniek,bezig met bachelors,No
2023-06-16 09:53:22,zainab.johnson459@example.com,Zainab Johnson,Databricks,,,,Innovative thinker and professional with a track record in data analytics. Alumni of Delft University of Technology.,V6C,Nederland,Den Haag,Delft University of Technology,Bèta & Techniek,Afgestudeert vwo/havo,No
2025-06-11 03:05:12,roos460@example.com,Roos Brown,Netflix,DevOps Engineer,https://linkedin.com/in/roos-brown-460,,Alumni from Leiden University specializing in Gezondheidszorg & Geneeskunde. Working as devops engineer with a passion for automating workflows.,V6B,Duitsland,Den Haag,Leiden University,Gezondheidszorg & Geneeskunde,bezig met masters,Yes
2022-07-10 22:26:17,noav461@example.com,Noa Van der Heijden,Heijmans,,,,,V6B,Frankrijk,Delft,Erasmus University Rotterdam,Talen & Cultuur,bezig met masters,Yes
2024-10-07 06:29:13,sams462@example.com,Sam Smit,,Pharmacist,https://linkedin.com/in/sam-smit-462,,,V6A,Verenigde Staten,Eindhoven,Delft University of Technology,Talen & Cultuur,bezig met masters,No
2024-07-15 05:40:04,svenh463@example.com,Sven Hendriks,Databricks,,https://linkedin.com/in/sven-hendriks-463,,Creative problem-solver working as professional at Databricks. Graduated from Eindhoven University of Technology in 2024.,V6B,Nederland,Delft,Eindhoven University of Technology,Talen & Cultuur,Afgestudeert vwo/havo,No
2025-05-26 16:37:20,dehaan.l464@example.com,Lina De Haan,,,,,"Ambitious professional focused on creating sustainable solutions. Former student at Leiden University, now making an impact at a leading organization.",V6A,Frankrijk,Den Haag,Leiden University,Talen & Cultuur,bezig met bachelors,No
2024-08-16 11:26:14,rosas465@example.com,Rosa Smith,Fugro,Co-Founder,,,,V6B,Engeland,Twente,University of Twente,Gezondheidszorg & Geneeskunde,bezig met bachelors,No
2025-09-10 18:53:12,dekker.o466@example.com,Oliver Dekker,,Portfolio Manager,,,,V6C,Duitsland,Eindhoven,University of Twente,Talen & Cultuur,bezig met masters,No
2025-09-15 07:55:23,svenv467@example.com,Sven Van der Heijden,Apple,UX Designer,,,Passionate ux designer with a strong background in machine learning. Currently working at Apple where I focus on expanding market reach.,V6B,Frankrijk,Twente,University of Twente,Rechten,bezig met bachelors,Yes
2026-10-20 05:27:23,kevin.thomas468@example.com,Kevin Thomas,Fugro,,https://linkedin.com/in/kevin-thomas-468,,,V6C,Duitsland,Eindhoven,Vrije University Amsterdam,Computer Science,bezig met bachelors,No
2025-10-12 16:26:55,thomasw469@example.com,Thomas Willems,,Data Analyst,https://linkedin.com/in/thomas-willems-469,,,V6B,Nederland,Amsterdam,Delft University of Technology,Computer Science,bezig met bachelors,No
2024-12-16 09:47:47,leviv470@example.com,Levi Van Driel,Vopak,Co-Founder,,,"Ambitious co-founder focused on optimizing business processes. Former student at Delft University of Technology, now making an impact at Vopak.",V6A,Verenigde Staten,Den Haag,Delft University of Technology,Computer Science,Afgestudeert vwo/havo,Yes
2022-07-22 20:30:38,james.kuipers471@example.com,James Kuipers,Brekke,UX Designer,https://linkedin.com/in/james-kuipers-471,,Creative problem-solver working as ux designer at Brekke. Graduated from Delft University of Technology in 2022.,V6C,Nederland,Amsterdam,Delft University of Technology,Gezondheidszorg & Geneeskunde,Afgestudeert vwo/havo,Yes
2026-01-02 04:45:04,vanderven.e472@example.com,Ethan Van der Ven,Google,,,,,V6C,Engeland,Twente,Vrije University Amsterdam,Economie & Business,bezig met bachelors,No
2026-11-12 14:09:30,naomi473@example.com,Naomi Dekker,,,https://linkedin.com/in/naomi-dekker-473,,,V6C,Engeland,Eindhoven,Eindhoven University of Technology,Computer Science,Afgestudeert vwo/havo,Yes
2026-11-29 20:45:03,aya.vanderwal474@example.com,Aya Van der Wal,,,,,Recent graduate from Delft University of Technology with a degree in Gezondheidszorg & Geneeskunde. Now working as professional at a leading organization.,V6B,Engeland,Eindhoven,Delft University of Technology,Gezondheidszorg & Geneeskunde,bezig met bachelors,No
2023-10-20 12:49:20,rosa.vanderlinden475@example.com,Rosa Van der Linden,Siemens,Partner,,,,V6B,Nederland,Twente,University of Twente,Bèta & Techniek,Afgestudeert vwo/havo,Yes
2022-09-26 15:53:57,rosav476@example.com,Rosa Van Dijk,,Logistics Coordinator,,,,V6B,Engeland,Amsterdam,University of Twente,Rechten,bezig met masters,No
2024-02-13 06:09:37,bram.wilson477@example.com,Bram Wilson,Netflix,,,,,V6C,Frankrijk,Twente,Erasmus University Rotterdam,Rechten,bezig met bachelors,Yes
2026-06-14 13:09:22,adamt478@example.com,Adam Thomas,PwC,Civil Engineer,,,,V6C,Nederland,Delft,Delft University of Technology,Bèta & Techniek,bezig met masters,Yes
2023-09-16 09:31:04,dylanb479@example.com,Dylan Brouwer,Philips,Claims Handler,https://linkedin.com/in/dylan-brouwer-479,,,V6B,Verenigde Staten,Twente,University of Twente,Talen & Cultuur,Afgestudeert vwo/havo,No
2026-01-21 09:57:12,eva.jones480@example.com,Eva Jones,Zelfstandig,Paralegal,https://linkedin.com/in/eva-jones-480,,,V6B,Nederland,Delft,Erasmus University Rotterdam,Computer Science,Afgestudeert vwo/havo,Yes
2026-08-01 19:49:25,tim.verhoeven481@example.com,Tim Verhoeven,Google,Account Manager,,,,V6B,Nederland,Eindhoven,University of Twente,Gezondheidszorg & Geneeskunde,bezig met bachelors,Yes
2026-03-17 23:38:14,william.vandenbroek482@example.com,William Van den Broek,,,https://linkedin.com/in/william-van-den-broek-482,,Passionate professional with a strong background in UX research. Currently working at a leading organization where I focus on advancing medical technology.,V6A,Engeland,Twente,Leiden University,Rechten,Afgestudeert vwo/havo,Yes
2025-02-27 16:45:25,vanderlinden.a483@example.com,Ahmed Van der Linden,,Doctor,,https://ahmedvanderlinden483.com,Creative problem-solver working as doctor at a leading organization. Graduated from Delft University of Technology in 2025.,V6B,Verenigde Staten,Amsterdam,Delft University of Technology,Bèta & Techniek,bezig met masters,No
2024-02-16 14:29:04,hoekstra.s484@example.com,Sem Hoekstra,DSM,Supply Chain Analyst,,,,V6C,Nederland,Twente,University of Twente,Talen & Cultuur,bezig met bachelors,No
2022-12-19 23:22:49,sofiaw485@example.com,Sofia Williams,Zelfstandig,Project Manager,,,Detail-oriented professional with a background in Rechten. Currently project manager at Zelfstandig.,V6B,Engeland,Delft,Vrije University Amsterdam,Rechten,Afgestudeert vwo/havo,No
2025-11-07 21:19:18,lopez.k486@example.com,Kevin Lopez,,,,https://kevinlopez486.com,,V6A,Nederland,Den Haag,Vrije University Amsterdam,Computer Science,Afgestudeert vwo/havo,Yes
2023-01-18 22:18:02,avab487@example.com,Ava Brouwer,Siemens,DevOps Engineer,https://linkedin.com/in/ava-brouwer-487,https://avabrouwer487.com,Detail-oriented professional with a background in Talen & Cultuur. Currently devops engineer at Siemens.,V6B,Duitsland,Eindhoven,Erasmus University Rotterdam,Talen & Cultuur,bezig met masters,Yes
2023-04-27 09:29:32,wilson.e488@example.com,Ella Wilson,,,,,Driven professional with expertise in business intelligence. Currently professional at a leading organization.,V6C,Verenigde Staten,Amsterdam,University of Twente,Economie & Business,Afgestudeert vwo/havo,Yes
2026-02-25 15:07:49,maud489@example.com,Maud Schouten,Tesla,Interpreter,https://linkedin.com/in/maud-schouten-489,,Recent graduate from Delft University of Technology with a degree in Gezondheidszorg & Geneeskunde. Now working as interpreter at Tesla.,V6A,Engeland,Twente,Delft University of Technology,Gezondheidszorg & Geneeskunde,bezig met masters,No
2022-09-06 14:53:12,rosav490@example.com,Rosa Van Driel,NN Group,Portfolio Manager,https://linkedin.com/in/rosa-van-driel-490,,,V6A,Nederland,Delft,Delft University of Technology,Bèta & Techniek,Afgestudeert vwo/havo,No
2025-11-10 07:54:14,thijsw491@example.com,Thijs Willems,,Data Scientist,https://linkedin.com/in/thijs-willems-491,,Detail-oriented professional with a background in Rechten. Currently data scientist at a leading organization.,V6A,Engeland,Amsterdam,Delft University of Technology,Rechten,bezig met masters,No
2024-09-23 16:07:10,tygo.willems492@example.com,Tygo Willems,,Logistics Coordinator,https://linkedin.com/in/tygo-willems-492,,"Experienced logistics coordinator dedicated to expanding market reach. Alumni of Vrije University Amsterdam, class of 2024.",V6C,Frankrijk,Eindhoven,Vrije University Amsterdam,Talen & Cultuur,bezig met bachelors,Yes
2025-04-18 02:51:23,pim.willems493@example.com,Pim Willems,,Operations Manager,,,Detail-oriented professional with a background in Talen & Cultuur. Currently operations manager at a leading organization.,V6C,Engeland,Twente,Erasmus University Rotterdam,Talen & Cultuur,bezig met bachelors,No
2026-01-05 03:40:53,eva494@example.com,Eva Van der Horst,,Financial Analyst,,,Creative problem-solver working as financial analyst at a leading organization. Graduated from Delft University of Technology in 2026.,V6A,Frankrijk,Amsterdam,Delft University of Technology,Computer Science,bezig met bachelors,No
2025-03-07 10:50:06,demi.rodriguez495@example.com,Demi Rodriguez,Fugro,,,,,V6C,Frankrijk,Delft,Erasmus University Rotterdam,Computer Science,bezig met masters,Yes
2024-03-23 17:55:06,dylan496@example.com,Dylan De Jong,,Supply Chain Analyst,https://linkedin.com/in/dylan-de-jong-496,,,V6B,Verenigde Staten,Eindhoven,Delft University of Technology,Gezondheidszorg & Geneeskunde,bezig met bachelors,No
2025-05-08 14:19:29,gonzalez.m497@example.com,Mehmet Gonzalez,Grontmij,,,,,V6A,Engeland,Eindhoven,Eindhoven University of Technology,Economie & Business,bezig met bachelors,Yes
2026-01-03 16:24:36,charlotte498@example.com,Charlotte Jansen,,Systems Administrator,https://linkedin.com/in/charlotte-jansen-498,,,V6A,Nederland,Eindhoven,Vrije University Amsterdam,Rechten,bezig met bachelors,Yes
2024-06-17 12:48:06,alis499@example.com,Ali Smits,Meta,Trader,,,,V6B,Nederland,Twente,University of Twente,Talen & Cultuur,Afgestudeert vwo/havo,Yes
2025-07-12 11:01:29,david.jacobs500@example.com,David Jacobs,Heineken,Investment Banker,,,,V6A,Verenigde Staten,Twente,University of Twente,Gezondheidszorg & Geneeskunde,Afgestudeert vwo/havo,No
2024-04-22 10:01:28,jensv501@example.com,Jens Van der Pol,Deloitte,,https://linkedin.com/in/jens-van-der-pol-501,,,V6A,Verenigde Staten,Amsterdam,University of Twente,Gezondheidszorg & Geneeskunde,bezig met bachelors,Yes
2026-07-15 02:05:30,jamesm502@example.com,James Mol,Consultant,Graphic Designer,,,Driven professional with expertise in product design. Currently graphic designer at Consultant.,V6C,Verenigde Staten,Twente,Erasmus University Rotterdam,Talen & Cultuur,bezig met masters,Yes
2023-06-15 11:18:53,william.vanderburg503@example.com,William Van der Burg,Fugro,,https://linkedin.com/in/william-van-der-burg-503,,Detail-oriented professional with a background in Bèta & Techniek. Currently professional at Fugro.,V6A,Nederland,Twente,Eindhoven University of Technology,Bèta & Techniek,bezig met bachelors,Yes
2023-07-03 07:54:03,tim504@example.com,Tim Van Leeuwen,Microsoft,,https://linkedin.com/in/tim-van-leeuwen-504,,,V6A,Nederland,Amsterdam,Delft University of Technology,Computer Science,bezig met masters,No
2026-08-17 17:02:56,visser.n505@example.com,Naomi Visser,Freelance,SEO Specialist,https://linkedin.com/in/naomi-visser-505,,Results-oriented seo specialist with 0 years of experience in quantitative analysis. Based in Den Haag.,V6C,Frankrijk,Den Haag,Leiden University,Gezondheidszorg & Geneeskunde,bezig met masters,No
2026-08-29 09:35:41,anderson.d506@example.com,Daan Anderson,Deloitte,,https://linkedin.com/in/daan-anderson-506,,,V6C,Verenigde Staten,Den Haag,University of Twente,Talen & Cultuur,Afgestudeert vwo/havo,Yes
2026-01-27 07:05:20,daniels507@example.com,Daniel Smith,NN Group,Teacher,https://linkedin.com/in/daniel-smith-507,,Detail-oriented professional with a background in Computer Science. Currently teacher at NN Group.,V6C,Duitsland,Delft,Eindhoven University of Technology,Computer Science,bezig met masters,Yes
2026-05-30 04:32:29,fatima508@example.com,Fatima Brouwer,Booking.com,,,,Creative problem-solver working as professional at Booking.com. Graduated from Vrije University Amsterdam in 2026.,V6B,Engeland,Eindhoven,Vrije University Amsterdam,Economie & Business,Afgestudeert vwo/havo,No
2026-08-03 10:25:10,daan.martens509@example.com,Daan Martens,Randstad,Data Scientist,,,,V6B,Frankrijk,Eindhoven,Leiden University,Gezondheidszorg & Geneeskunde,Afgestudeert vwo/havo,No
2025-05-24 08:21:21,bramj510@example.com,Bram Janssen,ABN AMRO,,https://linkedin.com/in/bram-janssen-510,https://bramjanssen510.com,,V6A,Verenigde Staten,Den Haag,Vrije University Amsterdam,Economie & Business,Afgestudeert vwo/havo,No
2024-01-07 01:45:40,david511@example.com,David Hernandez,Stripe,,https://linkedin.com/in/david-hernandez-511,,,V6C,Nederland,Delft,Erasmus University Rotterdam,Computer Science,bezig met bachelors,Yes
2024-12-16 08:48:59,hanas512@example.com,Hana Smits,,Urban Planner,https://linkedin.com/in/hana-smits-512,,"Ambitious urban planner focused on optimizing business processes. Former student at Erasmus University Rotterdam, now making an impact at a leading organization.",V6B,Verenigde Staten,Twente,Erasmus University Rotterdam,Computer Science,bezig met masters,No
2024-06-25 17:07:57,vanderveen.l513@example.com,Levi Van der Veen,,Content Creator,https://linkedin.com/in/levi-van-der-veen-513,,Creative problem-solver working as content creator at a leading organization. Graduated from Erasmus University Rotterdam in 2024.,V6A,Engeland,Eindhoven,Erasmus University Rotterdam,Economie & Business,Afgestudeert vwo/havo,Yes
2026-01-04 15:34:43,clara.devries514@example.com,Clara De Vries,ING Groep,Data Scientist,,,Recent graduate from Delft University of Technology with a degree in Gezondheidszorg & Geneeskunde. Now working as data scientist at ING Groep.,V6A,Verenigde Staten,Den Haag,Delft University of Technology,Gezondheidszorg & Geneeskunde,Afgestudeert vwo/havo,Yes
2025-02-17 19:08:49,dejong.j515@example.com,Julia De Jong,,,,,,V6B,Verenigde Staten,Den Haag,Delft University of Technology,Bèta & Techniek,bezig met masters,No
2025-02-12 18:32:19,ava516@example.com,Ava Peters,Shopify,Policy Advisor,https://linkedin.com/in/ava-peters-516,,,V6A,Duitsland,Delft,Erasmus University Rotterdam,Computer Science,bezig met bachelors,Yes
2023-09-17 03:26:19,jesse.schouten517@example.com,Jesse Schouten,EY,Accountant,,,Innovative thinker and accountant with a track record in digital transformation. Alumni of Leiden University.,V6A,Engeland,Eindhoven,Leiden University,Bèta & Techniek,Afgestudeert vwo/havo,No
2026-11-02 01:49:12,luuk518@example.com,Luuk Brown,,,,https://luukbrown518.com,,V6A,Verenigde Staten,Den Haag,Leiden University,Rechten,bezig met bachelors,No
2024-08-01 08:12:46,clarav519@example.com,Clara Van der Laan,KPMG,Logistics Coordinator,https://linkedin.com/in/clara-van-der-laan-519,,Detail-oriented professional with a background in Gezondheidszorg & Geneeskunde. Currently logistics coordinator at KPMG.,V6B,Engeland,Eindhoven,University of Twente,Gezondheidszorg & Geneeskunde,Afgestudeert vwo/havo,Yes
2026-05-21 03:26:43,degroot.m520@example.com,Milou De Groot,Arcadis,,https://linkedin.com/in/milou-de-groot-520,https://miloudegroot520.com,,V6A,Duitsland,Eindhoven,Eindhoven University of Technology,Rechten,Afgestudeert vwo/havo,Yes
2026-09-15 09:15:09,hernandez.t521@example.com,Thomas Hernandez,Arcadis,Chemical Engineer,https://linkedin.com/in/thomas-hernandez-521,,"Ambitious chemical engineer focused on creating sustainable solutions. Former student at University of Twente, now making an impact at Arcadis.",V6A,Engeland,Amsterdam,University of Twente,Talen & Cultuur,bezig met bachelors,Yes
2026-06-22 10:08:03,dylan.vanderlinden522@example.com,Dylan Van der Linden,Philips,Investment Banker,https://linkedin.com/in/dylan-van-der-linden-522,,,V6C,Verenigde Staten,Eindhoven,University of Twente,Gezondheidszorg & Geneeskunde,bezig met bachelors,No
2024-03-01 21:29:16,zoe.meijer523@example.com,Zoe Meijer,DSM,Data Scientist,https://linkedin.com/in/zoe-meijer-523,,,V6B,Frankrijk,Delft,Vrije University Amsterdam,Bèta & Techniek,bezig met bachelors,Yes
2025-09-11 11:36:16,miller.m524@example.com,Mia Miller,,Paralegal,https://linkedin.com/in/mia-miller-524,https://miamiller524.com,,V6B,Verenigde Staten,Eindhoven,Vrije University Amsterdam,Economie & Business,bezig met masters,No
2023-01-05 06:18:47,thompson.r525@example.com,Roos Thompson,Deloitte,IT Support,https://linkedin.com/in/roos-thompson-525,,Alumni from Erasmus University Rotterdam specializing in Bèta & Techniek. Working as it support with a passion for developing innovative products.,V6A,Verenigde Staten,Delft,Erasmus University Rotterdam,Bèta & Techniek,Afgestudeert vwo/havo,Yes
2024-05-31 17:02:27,ayab526@example.com,Aya Bakker,Heineken,Business Development,https://linkedin.com/in/aya-bakker-526,,"Experienced business development dedicated to improving accessibility. Alumni of Leiden University, class of 2024.",V6B,Nederland,Delft,Leiden University,Talen & Cultuur,bezig met masters,Yes
2026-02-06 05:32:01,adam.jones527@example.com,Adam Jones,NN Group,Supply Chain Analyst,https://linkedin.com/in/adam-jones-527,,Driven professional with expertise in corporate strategy. Currently supply chain analyst at NN Group.,V6A,Duitsland,Den Haag,Erasmus University Rotterdam,Computer Science,bezig met bachelors,Yes
2026-08-09 03:53:56,gabriel528@example.com,Gabriel Verhoeven,KPMG,IT Support,https://linkedin.com/in/gabriel-verhoeven-528,,"Ambitious it support focused on creating sustainable solutions. Former student at Erasmus University Rotterdam, now making an impact at KPMG.",V6A,Engeland,Den Haag,Erasmus University Rotterdam,Bèta & Techniek,bezig met masters,Yes
2024-07-02 19:06:42,gabriel.vandermeer529@example.com,Gabriel Van der Meer,Snowflake,Social Media Manager,https://linkedin.com/in/gabriel-van-der-meer-529,,,V6B,Duitsland,Amsterdam,Delft University of Technology,Rechten,bezig met masters,No
2025-04-13 01:43:45,gonzalez.s530@example.com,Sofia Gonzalez,Sweco,,,https://sofiagonzalez530.com,,V6B,Frankrijk,Eindhoven,Leiden University,Gezondheidszorg & Geneeskunde,Afgestudeert vwo/havo,No
2025-07-27 19:38:25,adam.vanderheijden531@example.com,Adam Van der Heijden,Deloitte,Nurse,https://linkedin.com/in/adam-van-der-heijden-531,,"Ambitious nurse focused on optimizing business processes. Former student at University of Twente, now making an impact at Deloitte.",V6A,Engeland,Twente,University of Twente,Economie & Business,bezig met bachelors,No
2024-01-15 20:49:02,peters.c532@example.com,Clara Peters,,Security Engineer,https://linkedin.com/in/clara-peters-532,,"Ambitious security engineer focused on developing innovative products. Former student at University of Twente, now making an impact at a leading organization.",V6C,Engeland,Den Haag,University of Twente,Computer Science,bezig met bachelors,Yes
2024-09-03 21:02:06,ruben.gonzalez533@example.com,Ruben Gonzalez,,,https://linkedin.com/in/ruben-gonzalez-533,,,V6B,Engeland,Den Haag,Delft University of Technology,Rechten,Afgestudeert vwo/havo,No
2026-04-26 07:21:18,thomas534@example.com,Thomas Mulder,Witteveen+Bos,,https://linkedin.com/in/thomas-mulder-534,,,V6A,Duitsland,Den Haag,Delft University of Technology,Economie & Business,bezig met bachelors,No
2026-08-13 15:54:41,vandermark.r535@example.com,Ryan Van der Mark,Aegon,,https://linkedin.com/in/ryan-van-der-mark-535,,Results-oriented professional with 1 years of experience in software development. Based in Amsterdam.,V6C,Engeland,Amsterdam,Vrije University Amsterdam,Bèta & Techniek,Afgestudeert vwo/havo,Yes
2023-03-14 21:05:22,vanderlinden.h536@example.com,Hugo Van der Linden,,Compliance Officer,https://linkedin.com/in/hugo-van-der-linden-536,,,V6B,Verenigde Staten,Twente,University of Twente,Bèta & Techniek,Afgestudeert vwo/havo,Yes
2025-09-10 00:17:42,vandam.i537@example.com,Iris Van Dam,Ahold Delhaize,,,,Creative problem-solver working as professional at Ahold Delhaize. Graduated from Delft University of Technology in 2025.,V6A,Duitsland,Delft,Delft University of Technology,Gezondheidszorg & Geneeskunde,bezig met bachelors,Yes
2025-09-30 15:58:39,iris538@example.com,Iris Mol,DSM,Operations Manager,https://linkedin.com/in/iris-mol-538,,,V6C,Engeland,Twente,Leiden University,Computer Science,bezig met masters,No
2023-10-29 17:02:55,mia.white539@example.com,Mia White,Stripe,,,https://miawhite539.com,Creative problem-solver working as professional at Stripe. Graduated from Delft University of Technology in 2023.,V6B,Frankrijk,Eindhoven,Delft University of Technology,Computer Science,bezig met bachelors,No
2026-06-10 23:56:53,vanloon.s540@example.com,Sofia Van Loon,Uber,Operations Manager,,,,V6B,Duitsland,Delft,Eindhoven University of Technology,Computer Science,Afgestudeert vwo/havo,Yes
2026-11-08 04:57:08,sophie541@example.com,Sophie Kok,,Postdoc Researcher,https://linkedin.com/in/sophie-kok-541,,Creative problem-solver working as postdoc researcher at a leading organization. Graduated from Vrije University Amsterdam in 2026.,V6C,Engeland,Den Haag,Vrije University Amsterdam,Talen & Cultuur,Afgestudeert vwo/havo,No
2026-03-03 18:28:58,hendriks.c542@example.com,Clara Hendriks,,Portfolio Manager,https://linkedin.com/in/clara-hendriks-542,,Driven professional with expertise in machine learning. Currently portfolio manager at a leading organization.,V6A,Frankrijk,Amsterdam,University of Twente,Bèta & Techniek,bezig met bachelors,No
2023-12-15 17:07:14,elind543@example.com,Elin De Vries,,,https://linkedin.com/in/elin-de-vries-543,,,V6C,Verenigde Staten,Twente,University of Twente,Computer Science,bezig met bachelors,Yes
2023-04-20 16:44:46,samr544@example.com,Sam Rodriguez,Netflix,,,,,V6A,Nederland,Eindhoven,Delft University of Technology,Economie & Business,bezig met bachelors,Yes
2025-05-26 17:37:27,liv.bos545@example.com,Liv Bos,Apple,,https://linkedin.com/in/liv-bos-545,https://livbos545.com,,V6A,Engeland,Amsterdam,Eindhoven University of Technology,Computer Science,Afgestudeert vwo/havo,Yes
2026-03-16 21:26:53,timd546@example.com,Tim De Vries,Unilever,Network Engineer,,,Detail-oriented professional with a background in Rechten. Currently network engineer at Unilever.,V6C,Frankrijk,Eindhoven,Delft University of Technology,Rechten,bezig met masters,No
2026-09-11 04:22:37,emily.vanderwal547@example.com,Emily Van der Wal,,Chemical Engineer,https://linkedin.com/in/emily-van-der-wal-547,,,V6A,Duitsland,Delft,Eindhoven University of Technology,Rechten,Afgestudeert vwo/havo,No
2023-03-21 22:29:29,brown.e548@example.com,Elena Brown,Airbnb,,https://linkedin.com/in/elena-brown-548,,"Ambitious professional focused on improving accessibility. Former student at Delft University of Technology, now making an impact at Airbnb.",V6C,Duitsland,Twente,Delft University of Technology,Bèta & Techniek,bezig met masters,No
2024-11-17 01:16:33,boaz549@example.com,Boaz Willems,Spotify,Junior Analyst,https://linkedin.com/in/boaz-willems-549,,Detail-oriented professional with a background in Bèta & Techniek. Currently junior analyst at Spotify.,V6A,Engeland,Den Haag,Delft University of Technology,Bèta & Techniek,bezig met bachelors,No
2026-03-25 00:30:12,luca550@example.com,Luca Martens,AkzoNobel,Financial Analyst,https://linkedin.com/in/luca-martens-550,,,V6A,Duitsland,Amsterdam,Delft University of Technology,Gezondheidszorg & Geneeskunde,bezig met masters,Yes
2024-05-04 07:44:52,miloum551@example.com,Milou Maas,Deloitte,,,,,V6C,Nederland,Eindhoven,University of Twente,Talen & Cultuur,bezig met masters,No
2025-11-29 11:27:32,brown.f552@example.com,Finn Brown,Brekke,Electrical Engineer,https://linkedin.com/in/finn-brown-552,,Passionate electrical engineer with a strong background in sustainable engineering. Currently working at Brekke where I focus on creating sustainable solutions.,V6C,Engeland,Den Haag,Vrije University Amsterdam,Economie & Business,bezig met bachelors,Yes
2025-01-19 06:45:00,yara.bakker553@example.com,Yara Bakker,ING Groep,Project Manager,,,,V6B,Duitsland,Delft,Leiden University,Talen & Cultuur,Afgestudeert vwo/havo,No
2023-05-06 09:15:51,vanderzwan.f554@example.com,Fatima Van der Zwan,,,https://linkedin.com/in/fatima-van-der-zwan-554,,,V6C,Nederland,Amsterdam,Erasmus University Rotterdam,Economie & Business,Afgestudeert vwo/havo,Yes
2024-08-25 23:14:59,mia555@example.com,Mia Van der Veen,,Software Engineer,,,Creative problem-solver working as software engineer at a leading organization. Graduated from Delft University of Technology in 2024.,V6B,Nederland,Amsterdam,Delft University of Technology,Gezondheidszorg & Geneeskunde,Afgestudeert vwo/havo,No
2025-04-19 22:50:14,anderson.e556@example.com,Ella Anderson,Antea Group,,,,,V6B,Engeland,Amsterdam,Vrije University Amsterdam,Bèta & Techniek,Afgestudeert vwo/havo,No
2022-03-25 22:31:42,claraj557@example.com,Clara Johnson,Royal HaskoningDHV,,https://linkedin.com/in/clara-johnson-557,,Creative problem-solver working as professional at Royal HaskoningDHV. Graduated from Delft University of Technology in 2022.,V6A,Verenigde Staten,Amsterdam,Delft University of Technology,Talen & Cultuur,Afgestudeert vwo/havo,Yes
2026-03-14 23:51:12,noa558@example.com,Noa Van Wijk,,Claims Handler,,,,V6A,Verenigde Staten,Den Haag,Leiden University,Talen & Cultuur,bezig met bachelors,Yes
2022-09-15 01:13:12,sven559@example.com,Sven Van Dam,,Research Scientist,https://linkedin.com/in/sven-van-dam-559,,Results-oriented research scientist with 5 years of experience in cloud computing. Based in Den Haag.,V6C,Nederland,Den Haag,Delft University of Technology,Talen & Cultuur,Afgestudeert vwo/havo,No
2023-03-10 14:27:06,lisav560@example.com,Lisa Van der Zee,Scale-up,Security Engineer,https://linkedin.com/in/lisa-van-der-zee-560,,Detail-oriented professional with a background in Talen & Cultuur. Currently security engineer at Scale-up.,V6A,Nederland,Twente,University of Twente,Talen & Cultuur,Afgestudeert vwo/havo,No
2024-02-09 08:13:27,charlottes561@example.com,Charlotte Smit,,Marketing Manager,,,,V6A,Nederland,Eindhoven,Delft University of Technology,Gezondheidszorg & Geneeskunde,Afgestudeert vwo/havo,No
2026-11-28 02:28:18,willems.o562@example.com,Omar Willems,Ahold Delhaize,Content Creator,,,Driven professional with expertise in urban planning. Currently content creator at Ahold Delhaize.,V6A,Nederland,Den Haag,Vrije University Amsterdam,Computer Science,bezig met masters,No
2025-07-04 00:25:01,nora563@example.com,Nora Martens,,Data Scientist,,,"Ambitious data scientist focused on advancing medical technology. Former student at Delft University of Technology, now making an impact at a leading organization.",V6A,Verenigde Staten,Delft,Delft University of Technology,Rechten,bezig met masters,Yes
2026-04-10 22:34:41,ava564@example.com,Ava Van den Berg,,Doctor,,,Alumni from Eindhoven University of Technology specializing in Talen & Cultuur. Working as doctor with a passion for building scalable systems.,V6A,Duitsland,Delft,Eindhoven University of Technology,Talen & Cultuur,bezig met masters,No
2023-06-09 08:26:59,lisa565@example.com,Lisa Van der Velden,,,,,,V6C,Engeland,Amsterdam,Leiden University,Computer Science,bezig met masters,Yes
2026-06-01 20:37:42,vanderheijden.s566@example.com,Sophie Van der Heijden,Siemens,Supply Chain Analyst,https://linkedin.com/in/sophie-van-der-heijden-566,,Alumni from Vrije University Amsterdam specializing in Rechten. Working as supply chain analyst with a passion for improving user experience.,V6C,Frankrijk,Twente,Vrije University Amsterdam,Rechten,bezig met bachelors,No
2025-02-28 08:13:26,casper567@example.com,Casper Miller,,Claims Handler,https://linkedin.com/in/casper-miller-567,,Alumni from Delft University of Technology specializing in Talen & Cultuur. Working as claims handler with a passion for bridging technology and society.,V6B,Duitsland,Amsterdam,Delft University of Technology,Talen & Cultuur,bezig met masters,Yes
2023-12-08 06:17:00,jesse568@example.com,Jesse Mulder,Heineken,PhD Candidate,https://linkedin.com/in/jesse-mulder-568,,,V6A,Engeland,Delft,University of Twente,Economie & Business,Afgestudeert vwo/havo,No
2026-04-07 14:19:03,jensl569@example.com,Jens Lopez,,,https://linkedin.com/in/jens-lopez-569,,,V6B,Frankrijk,Amsterdam,Leiden University,Rechten,Afgestudeert vwo/havo,No
2024-04-25 11:21:18,benjamin570@example.com,Benjamin De Wit,DSM,Cloud Architect,,https://benjamindewit570.com,,V6A,Duitsland,Den Haag,Eindhoven University of Technology,Bèta & Techniek,Afgestudeert vwo/havo,No
2022-08-06 01:24:37,jayden.vanderzee571@example.com,Jayden Van der Zee,Palantir,Co-Founder,,,,V6B,Duitsland,Twente,Eindhoven University of Technology,Talen & Cultuur,bezig met bachelors,No
2026-06-02 11:51:00,gabriel.vandermark572@example.com,Gabriel Van der Mark,,SEO Specialist,,,,V6B,Verenigde Staten,Eindhoven,Vrije University Amsterdam,Bèta & Techniek,bezig met bachelors,Yes
2025-09-26 04:47:32,jansen.z573@example.com,Zainab Jansen,,,https://linkedin.com/in/zainab-jansen-573,https://zainabjansen573.com,,V6A,Duitsland,Amsterdam,Leiden University,Bèta & Techniek,Afgestudeert vwo/havo,No
2026-08-31 04:58:08,mila.dekker574@example.com,Mila Dekker,,Founder,https://linkedin.com/in/mila-dekker-574,,Recent graduate from University of Twente with a degree in Gezondheidszorg & Geneeskunde. Now working as founder at a leading organization.,V6C,Verenigde Staten,Delft,University of Twente,Gezondheidszorg & Geneeskunde,bezig met masters,Yes
2026-09-22 14:22:00,naomi.dekker575@example.com,Naomi Dekker,Deloitte,Co-Founder,https://linkedin.com/in/naomi-dekker-575,https://naomidekker575.com,,V6A,Duitsland,Twente,Eindhoven University of Technology,Rechten,Afgestudeert vwo/havo,No
2026-07-11 10:45:31,ali.jackson576@example.com,Ali Jackson,ING Groep,Editor,https://linkedin.com/in/ali-jackson-576,,,V6C,Verenigde Staten,Twente,Eindhoven University of Technology,Gezondheidszorg & Geneeskunde,bezig met bachelors,Yes
2025-12-13 21:25:22,hoekstra.f577@example.com,Fleur Hoekstra,Deloitte,Trader,https://linkedin.com/in/fleur-hoekstra-577,,"Ambitious trader focused on creating sustainable solutions. Former student at Delft University of Technology, now making an impact at Deloitte.",V6A,Frankrijk,Twente,Delft University of Technology,Bèta & Techniek,bezig met bachelors,Yes
2024-10-06 07:30:53,tessa578@example.com,Tessa Van der Zwan,Aegon,Co-Founder,https://linkedin.com/in/tessa-van-der-zwan-578,,"Ambitious co-founder focused on empowering teams. Former student at Delft University of Technology, now making an impact at Aegon.",V6C,Engeland,Eindhoven,Delft University of Technology,Rechten,bezig met masters,Yes
2025-11-19 07:06:02,mulder.k579@example.com,Kevin Mulder,Datadog,Physical Therapist,https://linkedin.com/in/kevin-mulder-579,,,V6C,Frankrijk,Delft,Erasmus University Rotterdam,Computer Science,bezig met bachelors,No
2026-01-25 01:11:53,avav580@example.com,Ava Van Dijk,Deloitte,Account Manager,https://linkedin.com/in/ava-van-dijk-580,,Recent graduate from Erasmus University Rotterdam with a degree in Computer Science. Now working as account manager at Deloitte.,V6C,Verenigde Staten,Amsterdam,Erasmus University Rotterdam,Computer Science,bezig met bachelors,No
2025-03-29 13:46:48,lina.vandriel581@example.com,Lina Van Driel,,Underwriter,https://linkedin.com/in/lina-van-driel-581,,,V6C,Frankrijk,Den Haag,Erasmus University Rotterdam,Gezondheidszorg & Geneeskunde,bezig met bachelors,No
2023-10-11 11:52:47,maxv582@example.com,Max Van der Zee,Shell,Project Manager,https://linkedin.com/in/max-van-der-zee-582,,,V6A,Duitsland,Twente,Vrije University Amsterdam,Bèta & Techniek,Afgestudeert vwo/havo,No
2023-03-31 13:06:03,lara583@example.com,Lara Smith,Rabobank,,https://linkedin.com/in/lara-smith-583,,,V6A,Frankrijk,Amsterdam,Erasmus University Rotterdam,Bèta & Techniek,bezig met bachelors,Yes
2026-12-28 21:05:23,iris.verbeek584@example.com,Iris Verbeek,Royal HaskoningDHV,,https://linkedin.com/in/iris-verbeek-584,,Alumni from Delft University of Technology specializing in Bèta & Techniek. Working as professional with a passion for improving user experience.,V6A,Verenigde Staten,Delft,Delft University of Technology,Bèta & Techniek,bezig met masters,Yes
2025-10-13 00:11:20,vanleeuwen.i585@example.com,Iris Van Leeuwen,,,,https://irisvanleeuwen585.com,,V6B,Duitsland,Den Haag,Leiden University,Economie & Business,Afgestudeert vwo/havo,Yes
2023-07-12 20:37:00,ethanm586@example.com,Ethan Meijer,Unilever,Financial Analyst,,,,V6C,Nederland,Eindhoven,Eindhoven University of Technology,Rechten,bezig met bachelors,Yes
2025-06-16 21:16:05,tim.postma587@example.com,Tim Postma,,Professor,https://linkedin.com/in/tim-postma-587,,Detail-oriented professional with a background in Economie & Business. Currently professor at a leading organization.,V6C,Nederland,Eindhoven,Eindhoven University of Technology,Economie & Business,bezig met bachelors,No
2026-01-06 18:51:52,sofia588@example.com,Sofia Jackson,Google,Sales Representative,https://linkedin.com/in/sofia-jackson-588,https://sofiajackson588.com,Driven professional with expertise in machine learning. Currently sales representative at Google.,V6A,Verenigde Staten,Twente,University of Twente,Bèta & Techniek,bezig met masters,Yes
2026-03-21 22:45:47,williamv589@example.com,William Van der Spoel,Antea Group,Translator,,https://williamvanderspoel589.com,,V6B,Engeland,Amsterdam,University of Twente,Economie & Business,Afgestudeert vwo/havo,No
2026-08-30 12:15:54,rosa590@example.com,Rosa Van der Velden,,Translator,https://linkedin.com/in/rosa-van-der-velden-590,,Recent graduate from Delft University of Technology with a degree in Economie & Business. Now working as translator at a leading organization.,V6C,Frankrijk,Eindhoven,Delft University of Technology,Economie & Business,bezig met bachelors,No
2025-04-27 16:03:02,evah591@example.com,Eva Hernandez,ABN AMRO,Editor,,,Recent graduate from Eindhoven University of Technology with a degree in Economie & Business. Now working as editor at ABN AMRO.,V6B,Nederland,Amsterdam,Eindhoven University of Technology,Economie & Business,bezig met bachelors,No
2026-12-19 10:02:35,vandenberg.b592@example.com,Britt Van den Berg,Heineken,Supply Chain Analyst,https://linkedin.com/in/britt-van-den-berg-592,,,V6A,Duitsland,Amsterdam,Vrije University Amsterdam,Gezondheidszorg & Geneeskunde,Afgestudeert vwo/havo,No
2026-07-27 16:20:14,ethant593@example.com,Ethan Thomas,,,https://linkedin.com/in/ethan-thomas-593,,Innovative thinker and professional with a track record in financial modeling. Alumni of Vrije University Amsterdam.,V6C,Nederland,Amsterdam,Vrije University Amsterdam,Talen & Cultuur,bezig met masters,No
2024-09-13 00:28:06,tessak594@example.com,Tessa Koning,,Graphic Designer,https://linkedin.com/in/tessa-koning-594,,,V6C,Duitsland,Delft,Vrije University Amsterdam,Talen & Cultuur,Afgestudeert vwo/havo,No
2025-08-05 03:57:59,hana.moore595@example.com,Hana Moore,Tauw,,,,,V6A,Engeland,Amsterdam,Eindhoven University of Technology,Economie & Business,bezig met bachelors,No
2023-08-28 23:42:17,mila.anderson596@example.com,Mila Anderson,,HR Specialist,https://linkedin.com/in/mila-anderson-596,,Driven professional with expertise in quantitative analysis. Currently hr specialist at a leading organization.,V6B,Duitsland,Twente,Erasmus University Rotterdam,Rechten,bezig met masters,Yes
2025-05-16 19:42:59,jones.l597@example.com,Liv Jones,Heineken,Journalist,https://linkedin.com/in/liv-jones-597,,,V6B,Duitsland,Amsterdam,University of Twente,Gezondheidszorg & Geneeskunde,bezig met masters,Yes
2025-05-20 22:07:03,jens.vanderspoel598@example.com,Jens Van der Spoel,VolkerWessels,Intern,https://linkedin.com/in/jens-van-der-spoel-598,,,V6B,Nederland,Twente,Leiden University,Rechten,Afgestudeert vwo/havo,No
2025-10-31 06:16:15,stijn599@example.com,Stijn White,Royal HaskoningDHV,Nurse,https://linkedin.com/in/stijn-white-599,,,V6A,Frankrijk,Amsterdam,Delft University of Technology,Bèta & Techniek,Afgestudeert vwo/havo,No
2025-02-17 02:03:38,casperb600@example.com,Casper Bakker,Bosch,,,,Detail-oriented professional with a background in Bèta & Techniek. Currently professional at Bosch.,V6C,Frankrijk,Eindhoven,University of Twente,Bèta & Techniek,bezig met masters,No
2025-06-22 19:46:13,davis.a601@example.com,Ali Davis,Fugro,,https://linkedin.com/in/ali-davis-601,,,V6A,Duitsland,Den Haag,Eindhoven University of Technology,Gezondheidszorg & Geneeskunde,bezig met masters,Yes
2025-11-06 01:54:54,lisa.lopez602@example.com,Lisa Lopez,,,https://linkedin.com/in/lisa-lopez-602,,,V6A,Frankrijk,Den Haag,Vrije University Amsterdam,Rechten,bezig met bachelors,Yes
2024-08-03 09:02:55,ruben.dekker603@example.com,Ruben Dekker,Scale-up,,https://linkedin.com/in/ruben-dekker-603,,"Ambitious professional focused on improving user experience. Former student at Delft University of Technology, now making an impact at Scale-up.",V6A,Verenigde Staten,Twente,Delft University of Technology,Rechten,Afgestudeert vwo/havo,No
2023-12-15 12:37:10,elinv604@example.com,Elin Van Dijk,,COO,,,Results-oriented coo with 2 years of experience in data analytics. Based in Twente.,V6B,Verenigde Staten,Twente,University of Twente,Bèta & Techniek,Afgestudeert vwo/havo,No
2025-05-24 15:28:28,schouten.a605@example.com,Adam Schouten,,Portfolio Manager,https://linkedin.com/in/adam-schouten-605,,"Ambitious portfolio manager focused on pioneering new research. Former student at Vrije University Amsterdam, now making an impact at a leading organization.",V6A,Verenigde Staten,Eindhoven,Vrije University Amsterdam,Economie & Business,Afgestudeert vwo/havo,Yes
2024-10-21 02:32:58,levi606@example.com,Levi Garcia,,SEO Specialist,https://linkedin.com/in/levi-garcia-606,https://levigarcia606.com,,V6C,Frankrijk,Eindhoven,Vrije University Amsterdam,Talen & Cultuur,bezig met bachelors,No
2026-04-23 00:49:02,thomasj607@example.com,Thomas Janssen,Brekke,,https://linkedin.com/in/thomas-janssen-607,,Alumni from Leiden University specializing in Talen & Cultuur. Working as professional with a passion for reducing environmental impact.,V6A,Nederland,Delft,Leiden University,Talen & Cultuur,bezig met bachelors,Yes
2023-08-10 19:38:42,thomasv608@example.com,Thomas Visser,Consultant,,https://linkedin.com/in/thomas-visser-608,,,V6C,Frankrijk,Den Haag,Delft University of Technology,Talen & Cultuur,Afgestudeert vwo/havo,No
2026-10-12 03:19:14,gijsm609@example.com,Gijs Miller,,Mechanical Engineer,,,Results-oriented mechanical engineer with 0 years of experience in product design. Based in Twente.,V6A,Engeland,Twente,Eindhoven University of Technology,Gezondheidszorg & Geneeskunde,Afgestudeert vwo/havo,Yes
2026-09-14 18:10:55,lieke610@example.com,Lieke Verhoeven,Consultant,Financial Analyst,,,,V6A,Engeland,Amsterdam,University of Twente,Bèta & Techniek,bezig met bachelors,Yes
2026-11-29 21:16:49,dejong.s611@example.com,Saar De Jong,,Professor,https://linkedin.com/in/saar-de-jong-611,,Driven professional with expertise in healthcare innovation. Currently professor at a leading organization.,V6A,Engeland,Delft,Erasmus University Rotterdam,Rechten,bezig met masters,Yes
2026-12-06 19:57:19,nielsl612@example.com,Niels Lopez,Unilever,Architect,https://linkedin.com/in/niels-lopez-612,,,V6A,Duitsland,Twente,Vrije University Amsterdam,Computer Science,Afgestudeert vwo/havo,No
2023-06-30 11:39:10,williams.n613@example.com,Niels Williams,,Project Manager,https://linkedin.com/in/niels-williams-613,,,V6B,Engeland,Twente,Leiden University,Rechten,bezig met masters,No
2025-05-06 12:22:04,brouwer.d614@example.com,David Brouwer,,,https://linkedin.com/in/david-brouwer-614,,,V6A,Duitsland,Delft,Vrije University Amsterdam,Rechten,bezig met bachelors,Yes
2024-08-10 08:08:23,vanderhorst.r615@example.com,Ruben Van der Horst,,Architect,,,Detail-oriented professional with a background in Economie & Business. Currently architect at a leading organization.,V6C,Verenigde Staten,Delft,University of Twente,Economie & Business,bezig met bachelors,No
2025-05-21 14:59:44,guus616@example.com,Guus Jackson,,Product Manager,,https://guusjackson616.com,"Experienced product manager dedicated to enhancing customer satisfaction. Alumni of Vrije University Amsterdam, class of 2025.",V6C,Duitsland,Delft,Vrije University Amsterdam,Economie & Business,bezig met masters,Yes
2023-04-28 01:52:15,sara617@example.com,Sara Verhoeven,Randstad,Translator,,https://saraverhoeven617.com,,V6A,Frankrijk,Amsterdam,Vrije University Amsterdam,Talen & Cultuur,bezig met bachelors,Yes
2022-10-16 10:01:05,mehmet.vanderheijden618@example.com,Mehmet Van der Heijden,EY,,https://linkedin.com/in/mehmet-van-der-heijden-618,,Innovative thinker and professional with a track record in cloud computing. Alumni of Delft University of Technology.,V6C,Duitsland,Amsterdam,Delft University of Technology,Economie & Business,bezig met masters,No
2022-06-07 19:16:36,sam619@example.com,Sam Moore,,Product Manager,https://linkedin.com/in/sam-moore-619,,"Ambitious product manager focused on enhancing customer satisfaction. Former student at Eindhoven University of Technology, now making an impact at a leading organization.",V6A,Duitsland,Eindhoven,Eindhoven University of Technology,Talen & Cultuur,bezig met bachelors,No
2025-09-07 15:30:11,vandenberg.j620@example.com,Jayden Van den Berg,Meta,,,,,V6C,Nederland,Twente,Erasmus University Rotterdam,Talen & Cultuur,bezig met bachelors,No
2022-07-11 14:59:12,thomas.lee621@example.com,Thomas Lee,Achmea,Entrepreneur,https://linkedin.com/in/thomas-lee-621,https://thomaslee621.com,,V6B,Frankrijk,Twente,Vrije University Amsterdam,Computer Science,bezig met masters,Yes
2024-10-02 07:07:48,evav622@example.com,Eva Van der Ven,Stripe,,https://linkedin.com/in/eva-van-der-ven-622,,Detail-oriented professional with a background in Gezondheidszorg & Geneeskunde. Currently professional at Stripe.,V6C,Engeland,Eindhoven,Eindhoven University of Technology,Gezondheidszorg & Geneeskunde,bezig met masters,Yes
2023-12-06 12:16:29,deboer.f623@example.com,Fatima De Boer,Philips,Electrical Engineer,https://linkedin.com/in/fatima-de-boer-623,,Creative problem-solver working as electrical engineer at Philips. Graduated from Eindhoven University of Technology in 2023.,V6A,Nederland,Twente,Eindhoven University of Technology,Rechten,bezig met masters,No
2025-12-30 14:02:23,elin624@example.com,Elin Kuipers,Meta,Doctor,https://linkedin.com/in/elin-kuipers-624,,,V6A,Frankrijk,Delft,Vrije University Amsterdam,Bèta & Techniek,bezig met bachelors,No
2024-01-24 17:33:57,elenad625@example.com,Elena De Jong,Datadog,Investment Banker,https://linkedin.com/in/elena-de-jong-625,,Innovative thinker and investment banker with a track record in machine learning. Alumni of Erasmus University Rotterdam.,V6A,Duitsland,Den Haag,Erasmus University Rotterdam,Computer Science,Afgestudeert vwo/havo,No
2025-09-07 04:08:21,ayal626@example.com,Aya Lopez,Philips,,https://linkedin.com/in/aya-lopez-626,,Recent graduate from Leiden University with a degree in Bèta & Techniek. Now working as professional at Philips.,V6B,Frankrijk,Delft,Leiden University,Bèta & Techniek,bezig met bachelors,No
2023-01-02 00:53:36,fleur627@example.com,Fleur Hendriks,KPMG,,https://linkedin.com/in/fleur-hendriks-627,,Driven professional with expertise in business intelligence. Currently professional at KPMG.,V6B,Frankrijk,Eindhoven,Vrije University Amsterdam,Gezondheidszorg & Geneeskunde,bezig met masters,No
2025-05-27 12:46:47,vandam.t628@example.com,Thomas Van Dam,,Marketing Manager,https://linkedin.com/in/thomas-van-dam-628,,,V6B,Engeland,Delft,Leiden University,Bèta & Techniek,Afgestudeert vwo/havo,Yes
2025-08-05 16:03:08,floris.peeters629@example.com,Floris Peeters,,,,,,V6B,Verenigde Staten,Twente,Vrije University Amsterdam,Talen & Cultuur,bezig met bachelors,No
2022-05-01 13:03:03,dylan630@example.com,Dylan Van der Zanden,Randstad,Teacher,https://linkedin.com/in/dylan-van-der-zanden-630,,,V6C,Nederland,Den Haag,Eindhoven University of Technology,Gezondheidszorg & Geneeskunde,bezig met masters,Yes
2026-12-27 05:37:26,roos.smits631@example.com,Roos Smits,Unilever,Business Development,https://linkedin.com/in/roos-smits-631,,Innovative thinker and business development with a track record in renewable energy. Alumni of University of Twente.,V6C,Duitsland,Delft,University of Twente,Economie & Business,bezig met masters,Yes
2024-11-29 04:07:01,cas.thompson632@example.com,Cas Thompson,Shell,Aerospace Engineer,,,,V6A,Nederland,Twente,Delft University of Technology,Economie & Business,bezig met bachelors,Yes
2026-02-02 14:38:42,thijsp633@example.com,Thijs Peeters,,IT Support,https://linkedin.com/in/thijs-peeters-633,,,V6B,Engeland,Amsterdam,Delft University of Technology,Rechten,bezig met masters,Yes
2022-12-23 12:29:00,avav634@example.com,Ava Van der Laan,Stripe,Software Engineer,https://linkedin.com/in/ava-van-der-laan-634,,,V6A,Duitsland,Twente,Vrije University Amsterdam,Computer Science,Afgestudeert vwo/havo,No
2026-10-14 15:41:17,clarab635@example.com,Clara Bos,ING Groep,,,,,V6B,Engeland,Amsterdam,University of Twente,Rechten,bezig met bachelors,Yes
2022-05-18 22:16:00,finn636@example.com,Finn De Haan,Rabobank,Compliance Officer,https://linkedin.com/in/finn-de-haan-636,,Results-oriented compliance officer with 6 years of experience in quantitative analysis. Based in Delft.,V6A,Verenigde Staten,Delft,Leiden University,Computer Science,bezig met bachelors,No
2022-10-28 08:41:39,anderson.o637@example.com,Oliver Anderson,Ahold Delhaize,,https://linkedin.com/in/oliver-anderson-637,,,V6C,Duitsland,Den Haag,Leiden University,Computer Science,bezig met masters,No
2024-02-10 15:03:48,emily638@example.com,Emily Van der Zanden,PwC,,https://linkedin.com/in/emily-van-der-zanden-638,https://emilyvanderzanden638.com,,V6C,Duitsland,Delft,Vrije University Amsterdam,Talen & Cultuur,bezig met masters,Yes
2026-07-03 22:00:41,cas639@example.com,Cas Verbeek,Capgemini,Systems Administrator,https://linkedin.com/in/cas-verbeek-639,,Alumni from Vrije University Amsterdam specializing in Talen & Cultuur. Working as systems administrator with a passion for automating workflows.,V6A,Nederland,Twente,Vrije University Amsterdam,Talen & Cultuur,bezig met masters,No
2023-03-06 14:49:05,sanne640@example.com,Sanne Van der Burg,BAM Groep,,,,,V6B,Engeland,Delft,Vrije University Amsterdam,Talen & Cultuur,bezig met masters,Yes
2024-02-01 05:09:06,william.verbeek641@example.com,William Verbeek,,Biomedical Engineer,,,,V6A,Engeland,Amsterdam,University of Twente,Rechten,Afgestudeert vwo/havo,Yes
2026-09-17 14:16:58,daan.vanderzee642@example.com,Daan Van der Zee,NN Group,Operations Manager,https://linkedin.com/in/daan-van-der-zee-642,,,V6A,Engeland,Eindhoven,University of Twente,Talen & Cultuur,bezig met masters,Yes
2025-10-15 13:17:58,tessa.vanderheijden643@example.com,Tessa Van der Heijden,Antea Group,,https://linkedin.com/in/tessa-van-der-heijden-643,,Passionate professional with a strong background in business intelligence. Currently working at Antea Group where I focus on optimizing business processes.,V6B,Engeland,Eindhoven,Eindhoven University of Technology,Bèta & Techniek,Afgestudeert vwo/havo,No
2024-02-06 01:25:40,gabriel644@example.com,Gabriel Koning,Scale-up,,https://linkedin.com/in/gabriel-koning-644,,,V6A,Verenigde Staten,Den Haag,Eindhoven University of Technology,Rechten,Afgestudeert vwo/havo,Yes
2025-02-02 02:15:54,martens.h645@example.com,Hana Martens,Grontmij,Business Development,https://linkedin.com/in/hana-martens-645,,,V6B,Verenigde Staten,Den Haag,Eindhoven University of Technology,Computer Science,bezig met masters,Yes
2024-01-22 04:04:55,visser.c646@example.com,Clara Visser,,Machine Learning Engineer,https://linkedin.com/in/clara-visser-646,,,V6C,Engeland,Amsterdam,Eindhoven University of Technology,Computer Science,bezig met masters,No
2023-05-11 22:08:45,tess.perez647@example.com,Tess Perez,Databricks,Account Manager,,,,V6B,Nederland,Den Haag,Eindhoven University of Technology,Bèta & Techniek,bezig met bachelors,Yes
2026-01-10 03:19:07,smit.e648@example.com,Elin Smit,EY,,https://linkedin.com/in/elin-smit-648,https://elinsmit648.com,"Experienced professional dedicated to improving accessibility. Alumni of Eindhoven University of Technology, class of 2026.",V6C,Duitsland,Delft,Eindhoven University of Technology,Gezondheidszorg & Geneeskunde,bezig met masters,No
2026-09-03 19:14:31,noah649@example.com,Noah Van der Stelt,Unilever,Systems Administrator,,,,V6B,Verenigde Staten,Den Haag,Delft University of Technology,Bèta & Techniek,Afgestudeert vwo/havo,Yes
2023-10-09 02:24:00,omarm650@example.com,Omar Martin,,,,,,V6C,Engeland,Amsterdam,Delft University of Technology,Gezondheidszorg & Geneeskunde,bezig met bachelors,Yes
2025-07-29 09:18:47,noa651@example.com,Noa Perez,ING Groep,Interpreter,,,Driven professional with expertise in digital transformation. Currently interpreter at ING Groep.,V6A,Engeland,Amsterdam,Erasmus University Rotterdam,Bèta & Techniek,bezig met bachelors,No
2026-09-13 05:40:01,emily652@example.com,Emily Van der Zee,AkzoNobel,Business Analyst,https://linkedin.com/in/emily-van-der-zee-652,,,V6C,Duitsland,Delft,Delft University of Technology,Talen & Cultuur,Afgestudeert vwo/havo,Yes
2025-07-04 16:56:24,luuk653@example.com,Luuk Van der Zanden,Arcadis,Cloud Architect,https://linkedin.com/in/luuk-van-der-zanden-653,,Passionate cloud architect with a strong background in urban planning. Currently working at Arcadis where I focus on automating workflows.,V6C,Frankrijk,Twente,Vrije University Amsterdam,Talen & Cultuur,bezig met masters,No
2022-10-18 11:58:00,ryanv654@example.com,Ryan Van der Spoel,Startup,Doctor,,,Results-oriented doctor with 5 years of experience in sustainable engineering. Based in Amsterdam.,V6A,Frankrijk,Amsterdam,University of Twente,Talen & Cultuur,bezig met masters,No
2026-02-21 03:30:31,lotte.vanderzanden655@example.com,Lotte Van der Zanden,Achmea,Junior Analyst,https://linkedin.com/in/lotte-van-der-zanden-655,,,V6A,Duitsland,Eindhoven,University of Twente,Talen & Cultuur,Afgestudeert vwo/havo,No
2026-04-19 07:20:50,visser.s656@example.com,Sofia Visser,PwC,Pharmacist,,,,V6C,Engeland,Eindhoven,Eindhoven University of Technology,Gezondheidszorg & Geneeskunde,Afgestudeert vwo/havo,No
2024-07-25 20:48:15,dylan.lee657@example.com,Dylan Lee,Antea Group,CEO,https://linkedin.com/in/dylan-lee-657,,,V6B,Engeland,Delft,Eindhoven University of Technology,Rechten,Afgestudeert vwo/havo,No
2025-10-12 08:06:50,visser.m658@example.com,Maryam Visser,Shopify,,https://linkedin.com/in/maryam-visser-658,,,V6C,Verenigde Staten,Den Haag,Vrije University Amsterdam,Bèta & Techniek,bezig met masters,Yes
2024-12-05 16:19:50,noahv659@example.com,Noah Van den Broek,Datadog,Operations Manager,https://linkedin.com/in/noah-van-den-broek-659,,,V6C,Engeland,Eindhoven,Vrije University Amsterdam,Rechten,Afgestudeert vwo/havo,No
2026-11-22 09:33:54,cas660@example.com,Cas Jacobs,Adyen,,https://linkedin.com/in/cas-jacobs-660,,,V6A,Frankrijk,Twente,Erasmus University Rotterdam,Rechten,bezig met bachelors,Yes
2026-08-24 17:26:05,vanderheijden.m661@example.com,Max Van der Heijden,Adyen,DevOps Engineer,,,Detail-oriented professional with a background in Talen & Cultuur. Currently devops engineer at Adyen.,V6C,Engeland,Twente,Delft University of Technology,Talen & Cultuur,bezig met bachelors,Yes
2026-10-22 08:31:00,daniel662@example.com,Daniel Meijer,,,,https://danielmeijer662.com,,V6B,Frankrijk,Twente,Eindhoven University of Technology,Economie & Business,Afgestudeert vwo/havo,Yes
2024-09-24 15:45:17,stijnv663@example.com,Stijn Van der Ven,,,https://linkedin.com/in/stijn-van-der-ven-663,https://stijnvanderven663.com,,V6C,Nederland,Twente,University of Twente,Talen & Cultuur,Afgestudeert vwo/havo,No
2025-06-20 19:48:51,lotte664@example.com,Lotte De Wit,Rabobank,Content Creator,https://linkedin.com/in/lotte-de-wit-664,,"Experienced content creator dedicated to empowering teams. Alumni of Leiden University, class of 2025.",V6C,Duitsland,Delft,Leiden University,Computer Science,Afgestudeert vwo/havo,No
2026-09-08 01:07:52,milous665@example.com,Milou Smits,Randstad,Biomedical Engineer,https://linkedin.com/in/milou-smits-665,,,V6C,Frankrijk,Eindhoven,Eindhoven University of Technology,Talen & Cultuur,bezig met masters,Yes
2023-04-19 02:05:20,jens666@example.com,Jens Peeters,Freelance,COO,https://linkedin.com/in/jens-peeters-666,,,V6B,Nederland,Amsterdam,Leiden University,Rechten,bezig met bachelors,Yes
2025-05-08 23:18:11,brown.l667@example.com,Lisa Brown,Philips,,,,Alumni from Leiden University specializing in Computer Science. Working as professional with a passion for pioneering new research.,V6C,Verenigde Staten,Den Haag,Leiden University,Computer Science,Afgestudeert vwo/havo,No
2026-10-12 19:11:54,pimm668@example.com,Pim Miller,AkzoNobel,Translator,https://linkedin.com/in/pim-miller-668,,Recent graduate from Leiden University with a degree in Bèta & Techniek. Now working as translator at AkzoNobel.,V6A,Nederland,Eindhoven,Leiden University,Bèta & Techniek,bezig met bachelors,Yes
2025-02-08 18:54:39,milav669@example.com,Mila Van Wijk,Zelfstandig,CEO,,https://milavanwijk669.com,Driven professional with expertise in sustainable engineering. Currently ceo at Zelfstandig.,V6C,Nederland,Den Haag,Eindhoven University of Technology,Economie & Business,bezig met bachelors,Yes
2025-03-10 13:23:46,casper.vanderzee670@example.com,Casper Van der Zee,Palantir,,https://linkedin.com/in/casper-van-der-zee-670,,,V6C,Engeland,Amsterdam,Leiden University,Talen & Cultuur,bezig met masters,No
2025-05-04 23:13:47,sanne671@example.com,Sanne Garcia,,CEO,https://linkedin.com/in/sanne-garcia-671,,Detail-oriented professional with a background in Talen & Cultuur. Currently ceo at a leading organization.,V6C,Frankrijk,Delft,University of Twente,Talen & Cultuur,Afgestudeert vwo/havo,Yes
2025-05-05 06:45:50,mulder.l672@example.com,Levi Mulder,Capgemini,,https://linkedin.com/in/levi-mulder-672,,"Ambitious professional focused on empowering teams. Former student at Delft University of Technology, now making an impact at Capgemini.",V6C,Verenigde Staten,Den Haag,Delft University of Technology,Rechten,Afgestudeert vwo/havo,No
2026-04-15 14:49:59,guusv673@example.com,Guus Van Wijk,Fugro,,,,,V6C,Verenigde Staten,Delft,Vrije University Amsterdam,Talen & Cultuur,bezig met masters,No
2022-06-08 18:10:41,tess674@example.com,Tess Smith,Grontmij,Systems Administrator,,,,V6B,Engeland,Eindhoven,Eindhoven University of Technology,Talen & Cultuur,Afgestudeert vwo/havo,No
2026-08-28 20:02:15,ella675@example.com,Ella Van der Zwan,Vopak,Interpreter,https://linkedin.com/in/ella-van-der-zwan-675,,,V6B,Engeland,Twente,Leiden University,Bèta & Techniek,bezig met masters,Yes
2022-01-22 19:01:32,saar676@example.com,Saar Verhoeven,Datadog,,,,Alumni from Leiden University specializing in Bèta & Techniek. Working as professional with a passion for empowering teams.,V6B,Engeland,Den Haag,Leiden University,Bèta & Techniek,bezig met masters,No
2023-08-11 10:15:36,lucas677@example.com,Luca Smith,,Compliance Officer,,,,V6C,Duitsland,Eindhoven,Erasmus University Rotterdam,Bèta & Techniek,Afgestudeert vwo/havo,No
2024-03-18 06:40:34,omarv678@example.com,Omar Van den Berg,,Machine Learning Engineer,,,,V6B,Verenigde Staten,Den Haag,Leiden University,Talen & Cultuur,Afgestudeert vwo/havo,No
2026-07-11 01:51:38,dekker.e679@example.com,Ella Dekker,Freelance,,,https://elladekker679.com,,V6C,Duitsland,Amsterdam,Vrije University Amsterdam,Talen & Cultuur,Afgestudeert vwo/havo,No
2026-10-25 22:01:57,thijs.perez680@example.com,Thijs Perez,Siemens,,,,,V6C,Nederland,Eindhoven,Eindhoven University of Technology,Bèta & Techniek,bezig met masters,Yes
2024-02-28 10:42:51,adam681@example.com,Adam Kok,Google,Portfolio Manager,,,,V6B,Nederland,Eindhoven,Eindhoven University of Technology,Economie & Business,Afgestudeert vwo/havo,Yes
2023-01-11 04:25:47,bram682@example.com,Bram Anderson,Vopak,,https://linkedin.com/in/bram-anderson-682,,,V6C,Frankrijk,Den Haag,Erasmus University Rotterdam,Rechten,Afgestudeert vwo/havo,No
2023-05-26 16:18:55,lucas683@example.com,Lucas Van den Broek,,Professor,https://linkedin.com/in/lucas-van-den-broek-683,,,V6B,Verenigde Staten,Den Haag,Leiden University,Economie & Business,Afgestudeert vwo/havo,No
2023-03-23 09:58:03,vanwijk.e684@example.com,Elena Van Wijk,Palantir,Lawyer,,,,V6A,Nederland,Den Haag,Vrije University Amsterdam,Bèta & Techniek,bezig met masters,Yes
2022-11-09 00:20:22,niels685@example.com,Niels Moore,Antea Group,Lawyer,,,,V6B,Engeland,Delft,Vrije University Amsterdam,Economie & Business,bezig met bachelors,Yes
2022-04-17 16:32:23,benjamin686@example.com,Benjamin Schouten,,,https://linkedin.com/in/benjamin-schouten-686,,,V6B,Verenigde Staten,Amsterdam,University of Twente,Computer Science,bezig met bachelors,No
2023-12-30 14:52:12,saar.hendriks687@example.com,Saar Hendriks,NN Group,Account Manager,,https://saarhendriks687.com,"Experienced account manager dedicated to advancing medical technology. Alumni of Vrije University Amsterdam, class of 2023.",V6A,Duitsland,Delft,Vrije University Amsterdam,Talen & Cultuur,Afgestudeert vwo/havo,No
2026-01-19 01:24:22,vandijk.m688@example.com,Max Van Dijk,Airbnb,Architect,https://linkedin.com/in/max-van-dijk-688,https://maxvandijk688.com,,V6A,Duitsland,Amsterdam,Eindhoven University of Technology,Economie & Business,bezig met masters,Yes
2025-12-16 08:24:15,liamv689@example.com,Liam Van Loon,Adyen,Account Manager,https://linkedin.com/in/liam-van-loon-689,,"Experienced account manager dedicated to ensuring data privacy. Alumni of Vrije University Amsterdam, class of 2025.",V6C,Engeland,Den Haag,Vrije University Amsterdam,Computer Science,Afgestudeert vwo/havo,No
2023-04-08 08:25:13,visser.g690@example.com,Guus Visser,Vopak,CTO,https://linkedin.com/in/guus-visser-690,,,V6A,Nederland,Amsterdam,University of Twente,Talen & Cultuur,bezig met bachelors,Yes
2025-12-29 23:19:51,ali691@example.com,Ali Van der Velden,Cloudflare,CFO,https://linkedin.com/in/ali-van-der-velden-691,,,V6B,Verenigde Staten,Delft,Eindhoven University of Technology,Gezondheidszorg & Geneeskunde,bezig met masters,Yes
2025-03-25 10:25:06,julia.martens692@example.com,Julia Martens,Unilever,,https://linkedin.com/in/julia-martens-692,,Alumni from Eindhoven University of Technology specializing in Gezondheidszorg & Geneeskunde. Working as professional with a passion for reducing environmental impact.,V6A,Frankrijk,Twente,Eindhoven University of Technology,Gezondheidszorg & Geneeskunde,Afgestudeert vwo/havo,No
2025-07-31 00:05:53,hana693@example.com,Hana Garcia,AkzoNobel,Entrepreneur,,,,V6A,Duitsland,Eindhoven,Leiden University,Economie & Business,bezig met bachelors,No
2026-03-28 03:51:28,anna.vanderzwan694@example.com,Anna Van der Zwan,Royal HaskoningDHV,Database Administrator,https://linkedin.com/in/anna-van-der-zwan-694,,Driven professional with expertise in artificial intelligence. Currently database administrator at Royal HaskoningDHV.,V6A,Frankrijk,Den Haag,Eindhoven University of Technology,Bèta & Techniek,Afgestudeert vwo/havo,Yes
2026-10-19 16:47:54,pim.davis695@example.com,Pim Davis,,Journalist,,,Detail-oriented professional with a background in Computer Science. Currently journalist at a leading organization.,V6A,Duitsland,Den Haag,Delft University of Technology,Computer Science,Afgestudeert vwo/havo,Yes
2023-10-12 20:20:50,finn696@example.com,Finn Van der Burg,,,,,Recent graduate from Delft University of Technology with a degree in Gezondheidszorg & Geneeskunde. Now working as professional at a leading organization.,V6A,Duitsland,Amsterdam,Delft University of Technology,Gezondheidszorg & Geneeskunde,bezig met masters,No
2022-04-18 06:32:13,thomasj697@example.com,Thomas Johnson,,,,,,V6A,Engeland,Twente,Vrije University Amsterdam,Rechten,Afgestudeert vwo/havo,No
2025-04-27 01:13:29,yarad698@example.com,Yara Dekker,ABN AMRO,Cloud Architect,https://linkedin.com/in/yara-dekker-698,https://yaradekker698.com,Detail-oriented professional with a background in Bèta & Techniek. Currently cloud architect at ABN AMRO.,V6B,Frankrijk,Amsterdam,University of Twente,Bèta & Techniek,bezig met bachelors,Yes
2022-10-12 04:29:27,ethan699@example.com,Ethan Van der Ven,,Interpreter,https://linkedin.com/in/ethan-van-der-ven-699,,Innovative thinker and interpreter with a track record in product design. Alumni of Leiden University.,V6C,Verenigde Staten,Twente,Leiden University,Rechten,bezig met masters,Yes
2026-02-02 06:29:10,vanderzee.f700@example.com,Fatima Van der Zee,Deloitte,,https://linkedin.com/in/fatima-van-der-zee-700,,,V6B,Duitsland,Eindhoven,Leiden University,Talen & Cultuur,bezig met masters,No
2022-02-11 20:44:49,rosaw701@example.com,Rosa Williams,Arcadis,Urban Planner,https://linkedin.com/in/rosa-williams-701,,,V6C,Engeland,Eindhoven,Vrije University Amsterdam,Bèta & Techniek,bezig met bachelors,No
2026-09-01 22:29:14,sofia702@example.com,Sofia Koning,Shopify,,,https://sofiakoning702.com,Creative problem-solver working as professional at Shopify. Graduated from Vrije University Amsterdam in 2026.,V6C,Engeland,Twente,Vrije University Amsterdam,Bèta & Techniek,Afgestudeert vwo/havo,No
2026-05-07 00:40:29,sophie703@example.com,Sophie Lee,Stripe,,,,,V6B,Duitsland,Delft,Leiden University,Rechten,bezig met bachelors,No
2024-04-28 18:35:25,lynn704@example.com,Lynn Hernandez,Microsoft,,https://linkedin.com/in/lynn-hernandez-704,,,V6A,Duitsland,Delft,Vrije University Amsterdam,Bèta & Techniek,bezig met masters,Yes
2024-02-13 07:04:28,bos.d705@example.com,Daniel Bos,Startup,Supply Chain Analyst,https://linkedin.com/in/daniel-bos-705,,,V6B,Duitsland,Delft,Eindhoven University of Technology,Gezondheidszorg & Geneeskunde,Afgestudeert vwo/havo,Yes
2026-07-26 22:18:52,eva706@example.com,Eva Jones,,Quality Assurance,https://linkedin.com/in/eva-jones-706,https://evajones706.com,,V6A,Nederland,Eindhoven,University of Twente,Talen & Cultuur,bezig met bachelors,Yes
2023-03-02 04:48:53,ella.vanderpol707@example.com,Ella Van der Pol,,,,,Alumni from Leiden University specializing in Rechten. Working as professional with a passion for enhancing customer satisfaction.,V6C,Frankrijk,Amsterdam,Leiden University,Rechten,bezig met bachelors,Yes
2024-11-25 07:02:43,omarv708@example.com,Omar Van Veen,,Paralegal,https://linkedin.com/in/omar-van-veen-708,,Creative problem-solver working as paralegal at a leading organization. Graduated from Eindhoven University of Technology in 2024.,V6A,Frankrijk,Twente,Eindhoven University of Technology,Talen & Cultuur,bezig met masters,Yes
2025-02-10 16:52:40,tess709@example.com,Tess Van der Zee,VolkerWessels,Systems Administrator,https://linkedin.com/in/tess-van-der-zee-709,,Innovative thinker and systems administrator with a track record in digital transformation. Alumni of Vrije University Amsterdam.,V6B,Verenigde Staten,Eindhoven,Vrije University Amsterdam,Rechten,Afgestudeert vwo/havo,No
2025-10-02 07:16:37,tessa.willems710@example.com,Tessa Willems,Palantir,Portfolio Manager,https://linkedin.com/in/tessa-willems-710,,,V6A,Frankrijk,Twente,Vrije University Amsterdam,Computer Science,Afgestudeert vwo/havo,No
2023-06-25 13:59:12,maryam.schouten711@example.com,Maryam Schouten,,Interpreter,,,,V6C,Frankrijk,Twente,Eindhoven University of Technology,Computer Science,Afgestudeert vwo/havo,No
2025-10-28 19:59:24,fatima712@example.com,Fatima Van der Velden,Consultant,,https://linkedin.com/in/fatima-van-der-velden-712,,Innovative thinker and professional with a track record in artificial intelligence. Alumni of Delft University of Technology.,V6C,Frankrijk,Delft,Delft University of Technology,Bèta & Techniek,Afgestudeert vwo/havo,No
2026-05-29 01:53:13,clarav713@example.com,Clara Verhoeven,DSM,,https://linkedin.com/in/clara-verhoeven-713,,"Experienced professional dedicated to advancing medical technology. Alumni of Delft University of Technology, class of 2026.",V6C,Nederland,Delft,Delft University of Technology,Economie & Business,bezig met bachelors,No
2022-08-24 09:48:55,evas714@example.com,Eva Schouten,Ballast Nedam,Physical Therapist,https://linkedin.com/in/eva-schouten-714,,,V6B,Nederland,Delft,Eindhoven University of Technology,Economie & Business,bezig met masters,No
2026-03-15 04:46:49,lynn715@example.com,Lynn Meijer,ASML,,https://linkedin.com/in/lynn-meijer-715,https://lynnmeijer715.com,"Ambitious professional focused on developing innovative products. Former student at Vrije University Amsterdam, now making an impact at ASML.",V6B,Duitsland,Amsterdam,Vrije University Amsterdam,Bèta & Techniek,bezig met bachelors,Yes
2026-12-11 22:56:11,ryanv716@example.com,Ryan Visser,DSM,,,,Recent graduate from Eindhoven University of Technology with a degree in Economie & Business. Now working as professional at DSM.,V6A,Frankrijk,Den Haag,Eindhoven University of Technology,Economie & Business,bezig met masters,Yes
2024-05-22 00:30:38,ryanm717@example.com,Ryan Martens,,,https://linkedin.com/in/ryan-martens-717,,,V6B,Engeland,Eindhoven,Eindhoven University of Technology,Talen & Cultuur,Afgestudeert vwo/havo,Yes
2026-08-07 15:30:34,vanderveen.n718@example.com,Niels Van der Veen,Booking.com,,,,Detail-oriented professional with a background in Economie & Business. Currently professional at Booking.com.,V6C,Frankrijk,Amsterdam,Vrije University Amsterdam,Economie & Business,bezig met masters,No
2025-04-29 19:10:19,jessev719@example.com,Jesse Van den Broek,Vopak,,https://linkedin.com/in/jesse-van-den-broek-719,,,V6A,Engeland,Amsterdam,Eindhoven University of Technology,Economie & Business,bezig met bachelors,No
2024-05-16 14:41:35,amyj720@example.com,Amy Janssen,,PhD Candidate,,,Passionate phd candidate with a strong background in artificial intelligence. Currently working at a leading organization where I focus on optimizing business processes.,V6A,Duitsland,Amsterdam,Vrije University Amsterdam,Economie & Business,Afgestudeert vwo/havo,No
2022-05-29 03:43:57,demi.vandriel721@example.com,Demi Van Driel,,Physical Therapist,,,,V6A,Verenigde Staten,Twente,Erasmus University Rotterdam,Bèta & Techniek,bezig met masters,Yes
2025-04-11 06:27:40,omar722@example.com,Omar Van Leeuwen,VolkerWessels,Security Engineer,,,Creative problem-solver working as security engineer at VolkerWessels. Graduated from Delft University of Technology in 2025.,V6A,Duitsland,Twente,Delft University of Technology,Rechten,Afgestudeert vwo/havo,Yes
2025-03-28 14:16:25,devries.s723@example.com,Stijn De Vries,,Teacher,,,,V6C,Nederland,Twente,Delft University of Technology,Computer Science,bezig met bachelors,Yes
2026-04-12 13:20:56,lucav724@example.com,Luca Van Leeuwen,,Physical Therapist,https://linkedin.com/in/luca-van-leeuwen-724,,,V6C,Duitsland,Twente,Leiden University,Bèta & Techniek,bezig met bachelors,No
2026-03-13 15:27:45,sofiah725@example.com,Sofia Hoekstra,,Founder,https://linkedin.com/in/sofia-hoekstra-725,,,V6A,Engeland,Twente,Delft University of Technology,Economie & Business,Afgestudeert vwo/havo,Yes
2025-03-01 07:21:55,omarm726@example.com,Omar Mulder,Meta,Biomedical Engineer,https://linkedin.com/in/omar-mulder-726,,,V6C,Frankrijk,Den Haag,Erasmus University Rotterdam,Computer Science,bezig met bachelors,Yes
2022-06-21 02:02:30,milan727@example.com,Milan Hendriks,Booking.com,Aerospace Engineer,,,,V6A,Verenigde Staten,Den Haag,Leiden University,Computer Science,bezig met masters,No
2026-05-05 22:03:13,saar728@example.com,Saar Moore,ABN AMRO,Machine Learning Engineer,https://linkedin.com/in/saar-moore-728,,,V6B,Frankrijk,Eindhoven,Delft University of Technology,Bèta & Techniek,bezig met masters,Yes
2026-09-08 09:52:47,thomasp729@example.com,Thomas Peters,ASML,Logistics Coordinator,,https://thomaspeters729.com,,V6A,Nederland,Eindhoven,Vrije University Amsterdam,Economie & Business,Afgestudeert vwo/havo,No
2023-04-22 09:45:42,jackson.m730@example.com,Maryam Jackson,VolkerWessels,,https://linkedin.com/in/maryam-jackson-730,,"Experienced professional dedicated to optimizing business processes. Alumni of Erasmus University Rotterdam, class of 2023.",V6C,Engeland,Twente,Erasmus University Rotterdam,Talen & Cultuur,bezig met masters,No
2024-06-11 05:29:06,vandenberg.r731@example.com,Roos Van den Berg,,Claims Handler,https://linkedin.com/in/roos-van-den-berg-731,,"Ambitious claims handler focused on pioneering new research. Former student at University of Twente, now making an impact at a leading organization.",V6A,Engeland,Den Haag,University of Twente,Gezondheidszorg & Geneeskunde,Afgestudeert vwo/havo,No
2026-08-01 21:38:44,dylan732@example.com,Dylan Van der Ven,Rabobank,,https://linkedin.com/in/dylan-van-der-ven-732,,,V6A,Frankrijk,Den Haag,University of Twente,Computer Science,bezig met masters,No
2025-12-30 22:36:35,emilyh733@example.com,Emily Hoekstra,,SEO Specialist,,,"Experienced seo specialist dedicated to developing innovative products. Alumni of Erasmus University Rotterdam, class of 2025.",V6C,Engeland,Amsterdam,Erasmus University Rotterdam,Rechten,bezig met bachelors,Yes
2024-12-28 08:22:43,miloug734@example.com,Milou Gonzalez,NN Group,Intern,,,Detail-oriented professional with a background in Computer Science. Currently intern at NN Group.,V6B,Duitsland,Twente,Erasmus University Rotterdam,Computer Science,Afgestudeert vwo/havo,No
2025-11-18 15:53:29,lucas.degroot735@example.com,Lucas De Groot,KLM,Consultant,https://linkedin.com/in/lucas-de-groot-735,,,V6A,Verenigde Staten,Den Haag,Leiden University,Economie & Business,bezig met bachelors,No
2025-04-20 05:17:47,noa736@example.com,Noa Hendriks,Aegon,,https://linkedin.com/in/noa-hendriks-736,,,V6C,Frankrijk,Twente,Erasmus University Rotterdam,Bèta & Techniek,bezig met masters,No
2026-07-10 23:36:03,gijs.visser737@example.com,Gijs Visser,Netflix,Business Development,https://linkedin.com/in/gijs-visser-737,https://gijsvisser737.com,Innovative thinker and business development with a track record in urban planning. Alumni of Vrije University Amsterdam.,V6C,Duitsland,Twente,Vrije University Amsterdam,Bèta & Techniek,Afgestudeert vwo/havo,No
2025-11-07 10:10:50,roosm738@example.com,Roos Mulder,Witteveen+Bos,Aerospace Engineer,https://linkedin.com/in/roos-mulder-738,,Innovative thinker and aerospace engineer with a track record in financial modeling. Alumni of Leiden University.,V6C,Verenigde Staten,Delft,Leiden University,Computer Science,Afgestudeert vwo/havo,No
2026-05-12 01:53:39,milan739@example.com,Milan Van der Veen,,,https://linkedin.com/in/milan-van-der-veen-739,,,V6A,Nederland,Den Haag,University of Twente,Gezondheidszorg & Geneeskunde,bezig met bachelors,No
2025-04-15 23:13:35,elena.vanderzwan740@example.com,Elena Van der Zwan,Unilever,,https://linkedin.com/in/elena-van-der-zwan-740,,Results-oriented professional with 2 years of experience in artificial intelligence. Based in Den Haag.,V6B,Engeland,Den Haag,Eindhoven University of Technology,Talen & Cultuur,bezig met bachelors,Yes
2026-12-14 21:38:22,stijnv741@example.com,Stijn Van der Ven,,,https://linkedin.com/in/stijn-van-der-ven-741,,,V6B,Nederland,Twente,University of Twente,Economie & Business,bezig met masters,No
2023-09-01 03:55:14,williamp742@example.com,William Peters,Meta,Intern,,,"Ambitious intern focused on advancing medical technology. Former student at University of Twente, now making an impact at Meta.",V6A,Nederland,Amsterdam,University of Twente,Gezondheidszorg & Geneeskunde,bezig met masters,Yes
2022-01-31 20:10:23,guus.dekker743@example.com,Guus Dekker,Vopak,,,,,V6C,Nederland,Amsterdam,Eindhoven University of Technology,Computer Science,Afgestudeert vwo/havo,Yes
2022-03-18 18:53:19,mehmetd744@example.com,Mehmet Davis,Vopak,,https://linkedin.com/in/mehmet-davis-744,,,V6B,Duitsland,Eindhoven,Delft University of Technology,Talen & Cultuur,Afgestudeert vwo/havo,Yes
2023-04-08 11:01:17,irisw745@example.com,Iris Wilson,TomTom,Cloud Architect,,,,V6B,Frankrijk,Delft,Vrije University Amsterdam,Talen & Cultuur,bezig met masters,No
2022-10-17 01:05:13,hana746@example.com,Hana Smits,,HR Specialist,https://linkedin.com/in/hana-smits-746,,Results-oriented hr specialist with 5 years of experience in operations management. Based in Twente.,V6A,Frankrijk,Twente,Delft University of Technology,Computer Science,bezig met masters,No
2024-12-07 17:57:29,pim747@example.com,Pim De Wit,Zelfstandig,SEO Specialist,,,,V6C,Verenigde Staten,Den Haag,Vrije University Amsterdam,Rechten,Afgestudeert vwo/havo,No
2023-03-13 10:09:42,lottek748@example.com,Lotte Kok,Spotify,UX Designer,,,,V6B,Verenigde Staten,Twente,Leiden University,Economie & Business,bezig met bachelors,Yes
2024-11-26 17:27:36,hoekstra.n749@example.com,Noah Hoekstra,Google,Founder,https://linkedin.com/in/noah-hoekstra-749,,,V6C,Duitsland,Den Haag,Erasmus University Rotterdam,Talen & Cultuur,bezig met masters,No
2022-04-30 14:50:22,zainab750@example.com,Zainab Meijer,,Cloud Architect,,,Results-oriented cloud architect with 5 years of experience in corporate strategy. Based in Eindhoven.,V6A,Verenigde Staten,Eindhoven,Eindhoven University of Technology,Rechten,bezig met bachelors,No
2024-03-22 08:16:16,guusd751@example.com,Guus Dekker,Google,,,,,V6B,Frankrijk,Twente,Delft University of Technology,Economie & Business,bezig met bachelors,No
2025-12-12 20:35:36,fleur752@example.com,Fleur Lopez,Aerius,Civil Engineer,,,,V6C,Verenigde Staten,Eindhoven,Vrije University Amsterdam,Rechten,Afgestudeert vwo/havo,No
2026-05-22 06:41:53,visser.d753@example.com,Demi Visser,,Accountant,https://linkedin.com/in/demi-visser-753,,Passionate accountant with a strong background in product design. Currently working at a leading organization where I focus on enhancing customer satisfaction.,V6C,Duitsland,Amsterdam,Eindhoven University of Technology,Talen & Cultuur,Afgestudeert vwo/havo,No
2024-01-24 12:29:15,aya754@example.com,Aya Jansen,Zelfstandig,Urban Planner,,,Driven professional with expertise in product design. Currently urban planner at Zelfstandig.,V6B,Frankrijk,Eindhoven,Erasmus University Rotterdam,Computer Science,Afgestudeert vwo/havo,Yes
2025-08-19 15:02:13,sven755@example.com,Sven De Vries,ABN AMRO,UX Designer,,,,V6A,Duitsland,Twente,Erasmus University Rotterdam,Talen & Cultuur,bezig met masters,No
2024-05-02 10:31:03,ruben756@example.com,Ruben Peters,Vopak,,https://linkedin.com/in/ruben-peters-756,,Creative problem-solver working as professional at Vopak. Graduated from Delft University of Technology in 2024.,V6A,Duitsland,Amsterdam,Delft University of Technology,Economie & Business,bezig met bachelors,No
2023-07-23 00:40:05,vandenbroek.y757@example.com,Youssef Van den Broek,Unilever,Cloud Architect,https://linkedin.com/in/youssef-van-den-broek-757,,,V6C,Nederland,Den Haag,Eindhoven University of Technology,Economie & Business,Afgestudeert vwo/havo,Yes
2025-06-03 18:53:45,rosa.koning758@example.com,Rosa Koning,,,https://linkedin.com/in/rosa-koning-758,,Detail-oriented professional with a background in Economie & Business. Currently professional at a leading organization.,V6A,Engeland,Twente,Vrije University Amsterdam,Economie & Business,bezig met masters,No
2026-12-05 01:29:27,max759@example.com,Max Van Leeuwen,Booking.com,Associate,https://linkedin.com/in/max-van-leeuwen-759,,,V6C,Verenigde Staten,Twente,Delft University of Technology,Economie & Business,Afgestudeert vwo/havo,Yes
2023-08-15 07:31:22,vandenbroek.r760@example.com,Ruben Van den Broek,,Product Manager,https://linkedin.com/in/ruben-van-den-broek-760,,Results-oriented product manager with 2 years of experience in UX research. Based in Eindhoven.,V6A,Engeland,Eindhoven,Delft University of Technology,Economie & Business,Afgestudeert vwo/havo,Yes
2024-05-07 00:24:08,vandam.d761@example.com,Demi Van Dam,,,,,Creative problem-solver working as professional at a leading organization. Graduated from Eindhoven University of Technology in 2024.,V6C,Duitsland,Eindhoven,Eindhoven University of Technology,Rechten,Afgestudeert vwo/havo,No
2026-09-19 20:03:30,vandijk.l762@example.com,Lotte Van Dijk,Consultant,,https://linkedin.com/in/lotte-van-dijk-762,https://lottevandijk762.com,,V6B,Nederland,Den Haag,Erasmus University Rotterdam,Bèta & Techniek,bezig met masters,No
2026-06-27 19:47:28,maud763@example.com,Maud Van der Velden,BAM Groep,Interpreter,https://linkedin.com/in/maud-van-der-velden-763,https://maudvandervelden763.com,Innovative thinker and interpreter with a track record in renewable energy. Alumni of Leiden University.,V6A,Verenigde Staten,Den Haag,Leiden University,Rechten,bezig met bachelors,No
2024-05-28 03:06:02,lynn764@example.com,Lynn Taylor,,Translator,https://linkedin.com/in/lynn-taylor-764,https://lynntaylor764.com,"Experienced translator dedicated to ensuring data privacy. Alumni of Delft University of Technology, class of 2024.",V6A,Nederland,Eindhoven,Delft University of Technology,Economie & Business,bezig met bachelors,Yes
2024-12-27 05:24:01,emilyt765@example.com,Emily Thompson,,,https://linkedin.com/in/emily-thompson-765,,,V6C,Nederland,Delft,Delft University of Technology,Economie & Business,bezig met bachelors,Yes
2023-06-04 09:19:53,cas.hendriks766@example.com,Cas Hendriks,VolkerWessels,Graduate Trainee,,,Passionate graduate trainee with a strong background in renewable energy. Currently working at VolkerWessels where I focus on improving accessibility.,V6A,Frankrijk,Twente,Delft University of Technology,Computer Science,bezig met masters,Yes
2026-03-15 00:56:15,tessav767@example.com,Tessa Van der Horst,,Business Analyst,,,,V6B,Duitsland,Twente,Erasmus University Rotterdam,Gezondheidszorg & Geneeskunde,Afgestudeert vwo/havo,No
2025-07-03 11:47:16,lotte.jansen768@example.com,Lotte Jansen,,,https://linkedin.com/in/lotte-jansen-768,,Results-oriented professional with 2 years of experience in blockchain technology. Based in Amsterdam.,V6B,Verenigde Staten,Amsterdam,Leiden University,Gezondheidszorg & Geneeskunde,Afgestudeert vwo/havo,No
2025-12-10 14:40:33,lieke769@example.com,Lieke Perez,Airbnb,Database Administrator,,https://liekeperez769.com,,V6C,Engeland,Eindhoven,Eindhoven University of Technology,Gezondheidszorg & Geneeskunde,bezig met bachelors,Yes
2026-08-11 19:12:09,thompson.l770@example.com,Lisa Thompson,,,https://linkedin.com/in/lisa-thompson-770,https://lisathompson770.com,,V6C,Verenigde Staten,Eindhoven,Leiden University,Bèta & Techniek,bezig met masters,Yes
2026-09-23 15:26:30,daan.hoekstra771@example.com,Daan Hoekstra,,,,,Results-oriented professional with 2 years of experience in cloud computing. Based in Eindhoven.,V6C,Nederland,Eindhoven,Delft University of Technology,Gezondheidszorg & Geneeskunde,bezig met masters,Yes
2026-07-15 22:23:02,vandriel.c772@example.com,Clara Van Driel,Uber,Database Administrator,,,"Ambitious database administrator focused on empowering teams. Former student at Erasmus University Rotterdam, now making an impact at Uber.",V6A,Verenigde Staten,Twente,Erasmus University Rotterdam,Computer Science,Afgestudeert vwo/havo,Yes
2022-06-25 18:31:54,sem773@example.com,Sem Van der Burg,,Project Manager,,,Creative problem-solver working as project manager at a leading organization. Graduated from Delft University of Technology in 2022.,V6A,Nederland,Delft,Delft University of Technology,Rechten,Afgestudeert vwo/havo,Yes
2025-05-17 12:11:20,liam774@example.com,Liam Taylor,Meta,Trader,https://linkedin.com/in/liam-taylor-774,,,V6C,Frankrijk,Eindhoven,Delft University of Technology,Computer Science,bezig met bachelors,Yes
2025-07-31 03:58:37,smith.f775@example.com,Fatima Smith,,,https://linkedin.com/in/fatima-smith-775,,,V6B,Engeland,Amsterdam,Eindhoven University of Technology,Economie & Business,bezig met bachelors,Yes
2025-08-19 11:09:35,saar.lee776@example.com,Saar Lee,Google,Account Manager,https://linkedin.com/in/saar-lee-776,,,V6C,Engeland,Den Haag,Vrije University Amsterdam,Talen & Cultuur,Afgestudeert vwo/havo,Yes
2026-04-24 22:35:17,lucasj777@example.com,Lucas Jones,Spotify,,https://linkedin.com/in/lucas-jones-777,,Passionate professional with a strong background in business intelligence. Currently working at Spotify where I focus on automating workflows.,V6B,Frankrijk,Amsterdam,University of Twente,Bèta & Techniek,bezig met bachelors,Yes
2024-09-22 06:19:48,svenv778@example.com,Sven Van Leeuwen,,Business Development,https://linkedin.com/in/sven-van-leeuwen-778,https://svenvanleeuwen778.com,"Ambitious business development focused on pioneering new research. Former student at Delft University of Technology, now making an impact at a leading organization.",V6C,Verenigde Staten,Twente,Delft University of Technology,Gezondheidszorg & Geneeskunde,Afgestudeert vwo/havo,Yes
2025-02-11 07:02:59,fatima.vanleeuwen779@example.com,Fatima Van Leeuwen,KPMG,,,,,V6B,Engeland,Delft,University of Twente,Talen & Cultuur,Afgestudeert vwo/havo,No
2022-02-03 13:05:48,vanderlaan.o780@example.com,Oliver Van der Laan,Tesla,Consultant,https://linkedin.com/in/oliver-van-der-laan-780,,,V6B,Engeland,Twente,Vrije University Amsterdam,Rechten,Afgestudeert vwo/havo,Yes
2024-07-17 03:22:17,dewit.l781@example.com,Lynn De Wit,AkzoNobel,Mechanical Engineer,https://linkedin.com/in/lynn-de-wit-781,,Recent graduate from University of Twente with a degree in Computer Science. Now working as mechanical engineer at AkzoNobel.,V6A,Duitsland,Den Haag,University of Twente,Computer Science,bezig met bachelors,Yes
2025-09-01 12:20:28,tim782@example.com,Tim De Jong,,,,,,V6B,Engeland,Twente,Erasmus University Rotterdam,Economie & Business,Afgestudeert vwo/havo,No
2022-05-05 11:09:38,demi.vanderlinden783@example.com,Demi Van der Linden,TomTom,Translator,https://linkedin.com/in/demi-van-der-linden-783,,Passionate translator with a strong background in corporate strategy. Currently working at TomTom where I focus on ensuring data privacy.,V6C,Duitsland,Den Haag,Leiden University,Talen & Cultuur,Afgestudeert vwo/havo,No
2026-06-18 01:26:36,kevinv784@example.com,Kevin Van der Stelt,KPMG,CTO,,,Creative problem-solver working as cto at KPMG. Graduated from Vrije University Amsterdam in 2026.,V6C,Verenigde Staten,Den Haag,Vrije University Amsterdam,Bèta & Techniek,bezig met bachelors,No
2025-02-05 08:04:00,david.vanderlinden785@example.com,David Van der Linden,Uber,Network Engineer,https://linkedin.com/in/david-van-der-linden-785,,Results-oriented network engineer with 0 years of experience in biomedical research. Based in Twente.,V6B,Duitsland,Twente,Vrije University Amsterdam,Talen & Cultuur,bezig met bachelors,Yes
2024-06-13 14:33:02,luukm786@example.com,Luuk Maas,Tauw,,https://linkedin.com/in/luuk-maas-786,,Driven professional with expertise in operations management. Currently professional at Tauw.,V6B,Verenigde Staten,Delft,Vrije University Amsterdam,Computer Science,bezig met bachelors,No
2026-11-11 09:48:32,sam787@example.com,Sam Van der Wal,Cloudflare,Pharmacist,https://linkedin.com/in/sam-van-der-wal-787,,Driven professional with expertise in renewable energy. Currently pharmacist at Cloudflare.,V6B,Verenigde Staten,Den Haag,Vrije University Amsterdam,Computer Science,bezig met bachelors,Yes
2025-06-13 07:16:50,pim788@example.com,Pim Van der Zwan,TomTom,Supply Chain Analyst,,,,V6A,Nederland,Den Haag,Leiden University,Talen & Cultuur,bezig met bachelors,No
2023-02-07 05:45:55,mol.f789@example.com,Finn Mol,Datadog,Machine Learning Engineer,https://linkedin.com/in/finn-mol-789,,,V6B,Nederland,Amsterdam,Delft University of Technology,Gezondheidszorg & Geneeskunde,Afgestudeert vwo/havo,No
2026-05-18 07:20:17,ali.gonzalez790@example.com,Ali Gonzalez,Google,,,,"Experienced professional dedicated to automating workflows. Alumni of Vrije University Amsterdam, class of 2026.",V6A,Verenigde Staten,Den Haag,Vrije University Amsterdam,Bèta & Techniek,bezig met masters,No
2023-04-06 14:41:04,linav791@example.com,Lina Van Veen,,,https://linkedin.com/in/lina-van-veen-791,,Driven professional with expertise in educational technology. Currently professional at a leading organization.,V6A,Nederland,Eindhoven,University of Twente,Bèta & Techniek,bezig met bachelors,No
2026-06-21 20:39:20,levi792@example.com,Levi Van Veen,VolkerWessels,Portfolio Manager,https://linkedin.com/in/levi-van-veen-792,,,V6B,Engeland,Den Haag,Erasmus University Rotterdam,Economie & Business,Afgestudeert vwo/havo,No
2026-08-24 13:29:32,jackson.m793@example.com,Milou Jackson,Dura Vermeer,Entrepreneur,https://linkedin.com/in/milou-jackson-793,,,V6B,Duitsland,Amsterdam,Eindhoven University of Technology,Bèta & Techniek,bezig met masters,No
2025-08-07 18:25:17,deboer.t794@example.com,Thomas De Boer,Airbnb,Machine Learning Engineer,https://linkedin.com/in/thomas-de-boer-794,,,V6C,Duitsland,Den Haag,Eindhoven University of Technology,Bèta & Techniek,bezig met bachelors,Yes
2023-05-23 08:54:38,mulder.f795@example.com,Fatima Mulder,ING Groep,Database Administrator,https://linkedin.com/in/fatima-mulder-795,https://fatimamulder795.com,Alumni from Delft University of Technology specializing in Talen & Cultuur. Working as database administrator with a passion for optimizing business processes.,V6B,Engeland,Twente,Delft University of Technology,Talen & Cultuur,bezig met bachelors,No
2024-07-22 23:43:15,brama796@example.com,Bram Anderson,,,https://linkedin.com/in/bram-anderson-796,,"Ambitious professional focused on creating sustainable solutions. Former student at Vrije University Amsterdam, now making an impact at a leading organization.",V6A,Verenigde Staten,Amsterdam,Vrije University Amsterdam,Computer Science,bezig met masters,Yes
2026-04-02 17:57:54,elinv797@example.com,Elin Van der Laan,Grontmij,HR Specialist,https://linkedin.com/in/elin-van-der-laan-797,https://elinvanderlaan797.com,,V6A,Frankrijk,Den Haag,Leiden University,Bèta & Techniek,bezig met bachelors,No
2026-05-07 09:40:24,julia.moore798@example.com,Julia Moore,Capgemini,Pharmacist,https://linkedin.com/in/julia-moore-798,,,V6C,Duitsland,Den Haag,Erasmus University Rotterdam,Bèta & Techniek,Afgestudeert vwo/havo,Yes
2023-02-12 16:07:12,jens.jones799@example.com,Jens Jones,Achmea,Aerospace Engineer,,,"Experienced aerospace engineer dedicated to expanding market reach. Alumni of Leiden University, class of 2023.",V6C,Duitsland,Eindhoven,Leiden University,Talen & Cultuur,Afgestudeert vwo/havo,No
2026-07-23 07:05:52,ella800@example.com,Ella Jansen,Freelance,Quality Assurance,https://linkedin.com/in/ella-jansen-800,,"Experienced quality assurance dedicated to improving user experience. Alumni of Leiden University, class of 2026.",V6C,Engeland,Eindhoven,Leiden University,Bèta & Techniek,bezig met masters,No
2026-10-19 09:44:44,daan801@example.com,Daan De Boer,,Compliance Officer,https://linkedin.com/in/daan-de-boer-801,,,V6A,Duitsland,Twente,Erasmus University Rotterdam,Economie & Business,Afgestudeert vwo/havo,No
2024-01-20 22:34:54,maud802@example.com,Maud De Jong,ABN AMRO,Journalist,,,,V6B,Engeland,Twente,Leiden University,Rechten,bezig met bachelors,Yes
2022-12-04 08:12:33,thomas.perez803@example.com,Thomas Perez,KLM,Logistics Coordinator,,,Recent graduate from Leiden University with a degree in Bèta & Techniek. Now working as logistics coordinator at KLM.,V6A,Frankrijk,Delft,Leiden University,Bèta & Techniek,bezig met masters,No
2026-06-28 18:13:22,evaj804@example.com,Eva Jones,Capgemini,Associate,https://linkedin.com/in/eva-jones-804,https://evajones804.com,,V6A,Frankrijk,Delft,Delft University of Technology,Talen & Cultuur,bezig met bachelors,No
2026-03-01 13:08:21,lieke805@example.com,Lieke Maas,,Actuary,,,Creative problem-solver working as actuary at a leading organization. Graduated from University of Twente in 2026.,V6C,Nederland,Eindhoven,University of Twente,Computer Science,bezig met masters,Yes
2024-11-16 18:09:07,clara806@example.com,Clara Perez,Vopak,Logistics Coordinator,https://linkedin.com/in/clara-perez-806,,Creative problem-solver working as logistics coordinator at Vopak. Graduated from Erasmus University Rotterdam in 2024.,V6A,Duitsland,Amsterdam,Erasmus University Rotterdam,Rechten,bezig met bachelors,Yes
2025-05-25 12:22:33,lucas.verhoeven807@example.com,Lucas Verhoeven,Zelfstandig,,https://linkedin.com/in/lucas-verhoeven-807,,Alumni from Delft University of Technology specializing in Computer Science. Working as professional with a passion for automating workflows.,V6A,Engeland,Amsterdam,Delft University of Technology,Computer Science,bezig met bachelors,No
2026-06-07 04:09:43,amy808@example.com,Amy Kok,,,https://linkedin.com/in/amy-kok-808,,,V6B,Engeland,Delft,Leiden University,Bèta & Techniek,bezig met bachelors,No
2024-05-08 15:07:48,maud809@example.com,Maud Van der Velden,ABN AMRO,Policy Advisor,,,,V6A,Nederland,Eindhoven,Vrije University Amsterdam,Gezondheidszorg & Geneeskunde,bezig met bachelors,No
2026-02-15 21:56:59,verhoeven.s810@example.com,Saar Verhoeven,,Machine Learning Engineer,,https://saarverhoeven810.com,,V6B,Engeland,Den Haag,Eindhoven University of Technology,Talen & Cultuur,Afgestudeert vwo/havo,No
2026-02-09 02:13:03,williams.n811@example.com,Niels Williams,Airbnb,Editor,https://linkedin.com/in/niels-williams-811,,,V6A,Duitsland,Den Haag,Vrije University Amsterdam,Gezondheidszorg & Geneeskunde,bezig met masters,No
2023-11-24 14:44:00,adamd812@example.com,Adam De Vries,Startup,,,,,V6C,Verenigde Staten,Amsterdam,Delft University of Technology,Talen & Cultuur,Afgestudeert vwo/havo,Yes
2023-08-19 10:36:38,maryam.schouten813@example.com,Maryam Schouten,Grontmij,DevOps Engineer,,https://maryamschouten813.com,,V6A,Frankrijk,Amsterdam,Erasmus University Rotterdam,Rechten,bezig met bachelors,No
2022-11-27 22:40:25,amy814@example.com,Amy De Boer,Cloudflare,Architect,https://linkedin.com/in/amy-de-boer-814,,,V6C,Nederland,Twente,Vrije University Amsterdam,Rechten,bezig met masters,No
2022-01-23 19:34:18,smith.m815@example.com,Max Smith,Consultant,Risk Manager,https://linkedin.com/in/max-smith-815,,Recent graduate from Erasmus University Rotterdam with a degree in Talen & Cultuur. Now working as risk manager at Consultant.,V6B,Duitsland,Den Haag,Erasmus University Rotterdam,Talen & Cultuur,Afgestudeert vwo/havo,Yes
2026-09-12 20:03:23,william.kok816@example.com,William Kok,Aerius,Graduate Trainee,https://linkedin.com/in/william-kok-816,,,V6B,Nederland,Eindhoven,University of Twente,Bèta & Techniek,bezig met bachelors,Yes
2025-12-22 13:00:55,maxh817@example.com,Max Hoekstra,KLM,Interpreter,https://linkedin.com/in/max-hoekstra-817,,,V6B,Engeland,Delft,Eindhoven University of Technology,Rechten,bezig met bachelors,No
2026-11-07 18:29:05,milan.vandermark818@example.com,Milan Van der Mark,Aerius,Chemical Engineer,https://linkedin.com/in/milan-van-der-mark-818,,Results-oriented chemical engineer with 0 years of experience in cloud computing. Based in Den Haag.,V6B,Verenigde Staten,Den Haag,Eindhoven University of Technology,Economie & Business,Afgestudeert vwo/havo,No
2025-10-07 06:33:53,gabrielj819@example.com,Gabriel Jones,Aerius,Co-Founder,https://linkedin.com/in/gabriel-jones-819,,Alumni from Vrije University Amsterdam specializing in Rechten. Working as co-founder with a passion for empowering teams.,V6C,Frankrijk,Eindhoven,Vrije University Amsterdam,Rechten,bezig met bachelors,Yes
2024-12-12 05:30:18,vandenberg.t820@example.com,Thijs Van den Berg,Adyen,Investment Banker,,,Passionate investment banker with a strong background in corporate strategy. Currently working at Adyen where I focus on reducing environmental impact.,V6C,Frankrijk,Den Haag,Leiden University,Bèta & Techniek,Afgestudeert vwo/havo,No
2025-10-12 13:43:33,kevin.dewit821@example.com,Kevin De Wit,Heineken,Underwriter,https://linkedin.com/in/kevin-de-wit-821,https://kevindewit821.com,,V6A,Nederland,Delft,Vrije University Amsterdam,Bèta & Techniek,bezig met bachelors,Yes
2022-06-16 19:14:04,britta822@example.com,Britt Anderson,,Mechanical Engineer,,,,V6B,Frankrijk,Delft,Erasmus University Rotterdam,Bèta & Techniek,bezig met masters,Yes
2024-10-24 03:10:50,vanderheijden.y823@example.com,Youssef Van der Heijden,KPMG,,,,Alumni from Erasmus University Rotterdam specializing in Talen & Cultuur. Working as professional with a passion for creating sustainable solutions.,V6B,Duitsland,Twente,Erasmus University Rotterdam,Talen & Cultuur,Afgestudeert vwo/havo,Yes
2025-04-19 01:56:57,sofiaj824@example.com,Sofia Jansen,Dura Vermeer,,https://linkedin.com/in/sofia-jansen-824,,Results-oriented professional with 0 years of experience in digital transformation. Based in Eindhoven.,V6A,Frankrijk,Eindhoven,Eindhoven University of Technology,Bèta & Techniek,Afgestudeert vwo/havo,No
2024-05-31 04:20:09,milou825@example.com,Milou Van der Veen,Siemens,,https://linkedin.com/in/milou-van-der-veen-825,,Creative problem-solver working as professional at Siemens. Graduated from Eindhoven University of Technology in 2024.,V6C,Frankrijk,Den Haag,Eindhoven University of Technology,Computer Science,bezig met bachelors,Yes
2025-03-19 07:52:06,emilyv826@example.com,Emily Van Dam,Zelfstandig,,,https://emilyvandam826.com,Passionate professional with a strong background in marketing strategy. Currently working at Zelfstandig where I focus on building scalable systems.,V6C,Verenigde Staten,Twente,Vrije University Amsterdam,Talen & Cultuur,bezig met bachelors,No
2025-07-03 20:41:08,lara.schouten827@example.com,Lara Schouten,,,https://linkedin.com/in/lara-schouten-827,,Detail-oriented professional with a background in Rechten. Currently professional at a leading organization.,V6A,Duitsland,Twente,Delft University of Technology,Rechten,Afgestudeert vwo/havo,Yes
2026-07-26 04:55:39,ayap828@example.com,Aya Peeters,Tesla,Research Scientist,https://linkedin.com/in/aya-peeters-828,,,V6A,Duitsland,Twente,Erasmus University Rotterdam,Gezondheidszorg & Geneeskunde,bezig met bachelors,No
2022-04-13 14:31:15,britt829@example.com,Britt Van der Meer,Shell,,https://linkedin.com/in/britt-van-der-meer-829,,Results-oriented professional with 3 years of experience in financial modeling. Based in Eindhoven.,V6A,Frankrijk,Eindhoven,Vrije University Amsterdam,Economie & Business,bezig met bachelors,Yes
2023-06-06 18:17:19,casperd830@example.com,Casper De Groot,Grontmij,,https://linkedin.com/in/casper-de-groot-830,,Passionate professional with a strong background in healthcare innovation. Currently working at Grontmij where I focus on driving data-driven decisions.,V6A,Frankrijk,Eindhoven,University of Twente,Bèta & Techniek,bezig met bachelors,No
2023-08-06 22:40:27,ali831@example.com,Ali Verbeek,Rabobank,PhD Candidate,https://linkedin.com/in/ali-verbeek-831,,Driven professional with expertise in urban planning. Currently phd candidate at Rabobank.,V6A,Engeland,Delft,Eindhoven University of Technology,Bèta & Techniek,Afgestudeert vwo/havo,No
2025-10-11 10:42:24,liv.white832@example.com,Liv White,ING Groep,Civil Engineer,https://linkedin.com/in/liv-white-832,,Driven professional with expertise in blockchain technology. Currently civil engineer at ING Groep.,V6C,Frankrijk,Den Haag,Eindhoven University of Technology,Economie & Business,bezig met masters,No
2026-04-10 00:45:56,milav833@example.com,Mila Van der Zee,Spotify,COO,https://linkedin.com/in/mila-van-der-zee-833,https://milavanderzee833.com,"Ambitious coo focused on expanding market reach. Former student at Leiden University, now making an impact at Spotify.",V6C,Engeland,Eindhoven,Leiden University,Gezondheidszorg & Geneeskunde,Afgestudeert vwo/havo,Yes
2026-09-23 15:58:38,maud834@example.com,Maud Van der Veen,AkzoNobel,,https://linkedin.com/in/maud-van-der-veen-834,,,V6A,Verenigde Staten,Amsterdam,Erasmus University Rotterdam,Rechten,bezig met masters,Yes
2026-05-07 06:15:35,emily.vanderlaan835@example.com,Emily Van der Laan,Ahold Delhaize,,,https://emilyvanderlaan835.com,Creative problem-solver working as professional at Ahold Delhaize. Graduated from Eindhoven University of Technology in 2026.,V6A,Duitsland,Den Haag,Eindhoven University of Technology,Rechten,Afgestudeert vwo/havo,Yes
2024-03-02 14:18:24,ayav836@example.com,Aya Van der Linden,Fugro,,,,,V6B,Engeland,Delft,Eindhoven University of Technology,Economie & Business,bezig met bachelors,Yes
2024-09-07 04:50:43,mila837@example.com,Mila Van der Zwan,PwC,,https://linkedin.com/in/mila-van-der-zwan-837,,,V6B,Nederland,Twente,Vrije University Amsterdam,Economie & Business,bezig met masters,No
2023-10-08 02:28:08,vanderlaan.j838@example.com,Julia Van der Laan,,Business Development,https://linkedin.com/in/julia-van-der-laan-838,,,V6A,Verenigde Staten,Twente,Eindhoven University of Technology,Rechten,bezig met masters,Yes
2025-07-25 04:22:19,milan839@example.com,Milan Visser,,Data Analyst,,https://milanvisser839.com,,V6C,Nederland,Den Haag,Leiden University,Gezondheidszorg & Geneeskunde,Afgestudeert vwo/havo,Yes
2025-08-22 15:03:37,vandenbroek.n840@example.com,Noah Van den Broek,ASML,Physical Therapist,https://linkedin.com/in/noah-van-den-broek-840,,Results-oriented physical therapist with 0 years of experience in supply chain optimization. Based in Delft.,V6B,Duitsland,Delft,Vrije University Amsterdam,Rechten,bezig met masters,No
2023-12-03 12:50:45,felinej841@example.com,Feline Jacobs,Google,Editor,https://linkedin.com/in/feline-jacobs-841,,,V6B,Frankrijk,Amsterdam,University of Twente,Economie & Business,Afgestudeert vwo/havo,Yes
2023-04-19 21:37:08,tessa.vanderhorst842@example.com,Tessa Van der Horst,,Chemical Engineer,https://linkedin.com/in/tessa-van-der-horst-842,,,V6B,Nederland,Amsterdam,Leiden University,Economie & Business,bezig met masters,No
2025-09-28 05:58:04,noa.koning843@example.com,Noa Koning,Ballast Nedam,,https://linkedin.com/in/noa-koning-843,,,V6A,Nederland,Twente,University of Twente,Gezondheidszorg & Geneeskunde,bezig met masters,Yes
2026-09-01 13:59:16,thijs.visser844@example.com,Thijs Visser,BAM Groep,,https://linkedin.com/in/thijs-visser-844,,,V6B,Duitsland,Twente,Vrije University Amsterdam,Computer Science,Afgestudeert vwo/havo,Yes
2026-10-09 04:44:45,max.postma845@example.com,Max Postma,Vopak,,https://linkedin.com/in/max-postma-845,,,V6A,Engeland,Den Haag,Vrije University Amsterdam,Rechten,Afgestudeert vwo/havo,Yes
2023-10-24 20:53:17,vandervelden.m846@example.com,Mehmet Van der Velden,Adyen,,https://linkedin.com/in/mehmet-van-der-velden-846,,,V6A,Duitsland,Amsterdam,Vrije University Amsterdam,Rechten,bezig met masters,No
2026-08-19 18:59:38,kok.i847@example.com,Isabella Kok,BAM Groep,Doctor,https://linkedin.com/in/isabella-kok-847,,Innovative thinker and doctor with a track record in educational technology. Alumni of Vrije University Amsterdam.,V6C,Frankrijk,Eindhoven,Vrije University Amsterdam,Gezondheidszorg & Geneeskunde,bezig met bachelors,Yes
2026-03-31 05:18:42,jackson.l848@example.com,Levi Jackson,Strukton,Product Manager,https://linkedin.com/in/levi-jackson-848,,Detail-oriented professional with a background in Economie & Business. Currently product manager at Strukton.,V6C,Engeland,Amsterdam,Vrije University Amsterdam,Economie & Business,bezig met masters,Yes
2024-07-27 18:28:57,kevinw849@example.com,Kevin White,AkzoNobel,Journalist,,,,V6A,Frankrijk,Eindhoven,Vrije University Amsterdam,Economie & Business,Afgestudeert vwo/havo,Yes
2024-09-03 03:57:06,tessv850@example.com,Tess Verbeek,,Entrepreneur,,,,V6A,Nederland,Eindhoven,Erasmus University Rotterdam,Bèta & Techniek,bezig met bachelors,Yes
2022-03-15 22:51:42,maryam851@example.com,Maryam Van der Laan,Philips,,,,,V6C,Nederland,Amsterdam,Leiden University,Rechten,bezig met masters,Yes
2025-08-12 20:17:51,mila.lee852@example.com,Mila Lee,Amazon,Mechanical Engineer,,,Alumni from Erasmus University Rotterdam specializing in Economie & Business. Working as mechanical engineer with a passion for driving data-driven decisions.,V6B,Duitsland,Delft,Erasmus University Rotterdam,Economie & Business,bezig met masters,Yes
2026-05-27 18:14:36,zoe853@example.com,Zoe Hendriks,Heineken,Account Manager,https://linkedin.com/in/zoe-hendriks-853,,,V6A,Nederland,Eindhoven,Delft University of Technology,Economie & Business,bezig met masters,No
2025-05-23 05:19:50,noa854@example.com,Noa Bos,Brekke,Risk Manager,https://linkedin.com/in/noa-bos-854,https://noabos854.com,,V6B,Verenigde Staten,Delft,Vrije University Amsterdam,Rechten,bezig met bachelors,No
2025-11-02 10:55:39,wilson.n855@example.com,Nora Wilson,,,https://linkedin.com/in/nora-wilson-855,https://norawilson855.com,,V6A,Verenigde Staten,Twente,Vrije University Amsterdam,Bèta & Techniek,bezig met masters,No
2026-09-08 00:26:25,mila.willems856@example.com,Mila Willems,,,https://linkedin.com/in/mila-willems-856,,,V6C,Frankrijk,Amsterdam,Leiden University,Computer Science,bezig met masters,No
2025-08-29 10:11:39,casb857@example.com,Cas Brown,Netflix,,https://linkedin.com/in/cas-brown-857,,,V6B,Duitsland,Den Haag,Erasmus University Rotterdam,Computer Science,Afgestudeert vwo/havo,Yes
2025-01-16 20:05:11,stijnv858@example.com,Stijn Van der Velden,Shopify,,https://linkedin.com/in/stijn-van-der-velden-858,,Alumni from Delft University of Technology specializing in Gezondheidszorg & Geneeskunde. Working as professional with a passion for ensuring data privacy.,V6C,Engeland,Den Haag,Delft University of Technology,Gezondheidszorg & Geneeskunde,bezig met bachelors,Yes
2026-12-20 23:10:14,ethan859@example.com,Ethan Van Driel,,Risk Manager,,,,V6B,Duitsland,Eindhoven,University of Twente,Rechten,bezig met bachelors,Yes
2026-04-17 23:13:24,eva860@example.com,Eva Van der Horst,,COO,https://linkedin.com/in/eva-van-der-horst-860,,,V6A,Nederland,Delft,Erasmus University Rotterdam,Bèta & Techniek,bezig met masters,Yes
2025-12-10 02:37:57,ella.vanderzanden861@example.com,Ella Van der Zanden,Google,,https://linkedin.com/in/ella-van-der-zanden-861,,Creative problem-solver working as professional at Google. Graduated from Erasmus University Rotterdam in 2025.,V6A,Verenigde Staten,Den Haag,Erasmus University Rotterdam,Gezondheidszorg & Geneeskunde,Afgestudeert vwo/havo,No
2026-01-16 05:28:27,visser.m862@example.com,Mia Visser,EY,,,,,V6A,Verenigde Staten,Twente,Erasmus University Rotterdam,Rechten,bezig met bachelors,No
2026-11-11 20:09:08,jackson.e863@example.com,Ethan Jackson,,Logistics Coordinator,https://linkedin.com/in/ethan-jackson-863,,,V6B,Frankrijk,Eindhoven,Delft University of Technology,Economie & Business,Afgestudeert vwo/havo,Yes
2024-04-20 03:48:07,verbeek.c864@example.com,Charlotte Verbeek,KPMG,,https://linkedin.com/in/charlotte-verbeek-864,https://charlotteverbeek864.com,Innovative thinker and professional with a track record in healthcare innovation. Alumni of Eindhoven University of Technology.,V6C,Engeland,Delft,Eindhoven University of Technology,Computer Science,bezig met masters,No
2023-06-04 04:19:41,groen.f865@example.com,Feline Groen,Microsoft,Sales Representative,https://linkedin.com/in/feline-groen-865,,Results-oriented sales representative with 2 years of experience in UX research. Based in Eindhoven.,V6A,Frankrijk,Eindhoven,Leiden University,Economie & Business,bezig met masters,No
2022-04-10 02:08:43,ethanv866@example.com,Ethan Van der Horst,Aegon,,https://linkedin.com/in/ethan-van-der-horst-866,,,V6A,Verenigde Staten,Twente,Leiden University,Gezondheidszorg & Geneeskunde,bezig met bachelors,No
2024-11-24 18:17:47,elena867@example.com,Elena Janssen,Google,Quality Assurance,https://linkedin.com/in/elena-janssen-867,,,V6C,Nederland,Eindhoven,University of Twente,Economie & Business,Afgestudeert vwo/havo,Yes
2026-03-24 15:56:16,ava.vanderveen868@example.com,Ava Van der Veen,Ahold Delhaize,Quality Assurance,,https://avavanderveen868.com,,V6A,Engeland,Den Haag,University of Twente,Talen & Cultuur,Afgestudeert vwo/havo,No
2025-07-23 16:37:15,levi869@example.com,Levi Groen,,Portfolio Manager,https://linkedin.com/in/levi-groen-869,,Alumni from University of Twente specializing in Talen & Cultuur. Working as portfolio manager with a passion for enhancing customer satisfaction.,V6C,Nederland,Twente,University of Twente,Talen & Cultuur,bezig met bachelors,Yes
2022-04-01 18:41:03,tim.hernandez870@example.com,Tim Hernandez,,,,,Innovative thinker and professional with a track record in data analytics. Alumni of University of Twente.,V6A,Engeland,Eindhoven,University of Twente,Bèta & Techniek,Afgestudeert vwo/havo,No
2026-06-25 23:16:19,vandriel.z871@example.com,Zainab Van Driel,ING Groep,Marketing Manager,https://linkedin.com/in/zainab-van-driel-871,,Innovative thinker and marketing manager with a track record in supply chain optimization. Alumni of Leiden University.,V6C,Nederland,Delft,Leiden University,Bèta & Techniek,Afgestudeert vwo/havo,Yes
2025-09-05 07:11:30,martin.g872@example.com,Gabriel Martin,,Partner,https://linkedin.com/in/gabriel-martin-872,,Driven professional with expertise in urban planning. Currently partner at a leading organization.,V6C,Engeland,Amsterdam,Vrije University Amsterdam,Gezondheidszorg & Geneeskunde,Afgestudeert vwo/havo,No
2024-09-28 17:28:04,sara873@example.com,Sara Van den Berg,Fugro,,,https://saravandenberg873.com,,V6A,Duitsland,Den Haag,Eindhoven University of Technology,Talen & Cultuur,bezig met masters,Yes
2025-03-27 14:15:07,lynns874@example.com,Lynn Smith,EY,Investment Banker,,https://lynnsmith874.com,,V6B,Verenigde Staten,Den Haag,Leiden University,Bèta & Techniek,bezig met masters,Yes
2026-08-08 21:59:55,ali875@example.com,Ali Moore,,Associate,,,Results-oriented associate with 0 years of experience in blockchain technology. Based in Delft.,V6B,Nederland,Delft,Eindhoven University of Technology,Computer Science,Afgestudeert vwo/havo,Yes
2022-07-07 03:54:16,yara876@example.com,Yara Thomas,ABN AMRO,Urban Planner,https://linkedin.com/in/yara-thomas-876,,Recent graduate from Eindhoven University of Technology with a degree in Computer Science. Now working as urban planner at ABN AMRO.,V6C,Engeland,Delft,Eindhoven University of Technology,Computer Science,Afgestudeert vwo/havo,Yes
2026-03-05 18:52:43,lara.vanderven877@example.com,Lara Van der Ven,Fugro,,https://linkedin.com/in/lara-van-der-ven-877,https://laravanderven877.com,Driven professional with expertise in software development. Currently professional at Fugro.,V6C,Duitsland,Eindhoven,Leiden University,Computer Science,Afgestudeert vwo/havo,Yes
2024-01-22 17:49:46,hoekstra.b878@example.com,Boaz Hoekstra,Booking.com,Logistics Coordinator,https://linkedin.com/in/boaz-hoekstra-878,https://boazhoekstra878.com,Alumni from Leiden University specializing in Economie & Business. Working as logistics coordinator with a passion for driving data-driven decisions.,V6C,Verenigde Staten,Eindhoven,Leiden University,Economie & Business,Afgestudeert vwo/havo,Yes
2025-04-15 21:42:53,adam.vandenbroek879@example.com,Adam Van den Broek,DSM,,https://linkedin.com/in/adam-van-den-broek-879,,,V6B,Engeland,Den Haag,Delft University of Technology,Computer Science,bezig met bachelors,Yes
2026-07-11 02:38:58,vanderspoel.b880@example.com,Britt Van der Spoel,Uber,Underwriter,,,,V6B,Verenigde Staten,Eindhoven,Erasmus University Rotterdam,Gezondheidszorg & Geneeskunde,Afgestudeert vwo/havo,Yes
2022-02-21 12:32:01,max.gonzalez881@example.com,Max Gonzalez,,Quality Assurance,,,Results-oriented quality assurance with 5 years of experience in operations management. Based in Den Haag.,V6B,Nederland,Den Haag,Erasmus University Rotterdam,Rechten,bezig met bachelors,Yes
2023-10-19 09:39:14,vanloon.j882@example.com,Julia Van Loon,,,https://linkedin.com/in/julia-van-loon-882,,,V6A,Nederland,Amsterdam,Vrije University Amsterdam,Rechten,Afgestudeert vwo/havo,No
2026-03-07 12:20:17,demip883@example.com,Demi Peeters,,Database Administrator,https://linkedin.com/in/demi-peeters-883,,Results-oriented database administrator with 0 years of experience in cybersecurity. Based in Eindhoven.,V6B,Nederland,Eindhoven,Leiden University,Gezondheidszorg & Geneeskunde,bezig met bachelors,Yes
2026-12-18 11:36:36,sara.garcia884@example.com,Sara Garcia,,Graphic Designer,https://linkedin.com/in/sara-garcia-884,https://saragarcia884.com,,V6B,Verenigde Staten,Delft,Delft University of Technology,Talen & Cultuur,bezig met bachelors,Yes
2025-05-13 02:18:42,liv.deboer885@example.com,Liv De Boer,,Entrepreneur,,,"Ambitious entrepreneur focused on improving accessibility. Former student at Leiden University, now making an impact at a leading organization.",V6A,Nederland,Den Haag,Leiden University,Bèta & Techniek,bezig met bachelors,Yes
2026-01-09 21:37:03,annam886@example.com,Anna Martinez,,,https://linkedin.com/in/anna-martinez-886,,,V6B,Engeland,Amsterdam,Leiden University,Rechten,bezig met masters,No
2025-03-08 09:16:43,hugo.johnson887@example.com,Hugo Johnson,Startup,Risk Manager,https://linkedin.com/in/hugo-johnson-887,,,V6A,Duitsland,Amsterdam,Eindhoven University of Technology,Bèta & Techniek,Afgestudeert vwo/havo,Yes
2024-02-28 09:16:30,mehmet888@example.com,Mehmet Van Loon,Siemens,,,,Detail-oriented professional with a background in Economie & Business. Currently professional at Siemens.,V6A,Duitsland,Eindhoven,Eindhoven University of Technology,Economie & Business,bezig met masters,No
2026-12-04 03:04:12,gonzalez.l889@example.com,Lieke Gonzalez,,,,,,V6C,Duitsland,Den Haag,Eindhoven University of Technology,Bèta & Techniek,bezig met masters,No
2025-04-24 08:24:11,max.brouwer890@example.com,Max Brouwer,,,,,Alumni from University of Twente specializing in Bèta & Techniek. Working as professional with a passion for driving data-driven decisions.,V6A,Frankrijk,Twente,University of Twente,Bèta & Techniek,bezig met masters,No
2025-07-29 10:21:41,youssef891@example.com,Youssef De Groot,,DevOps Engineer,,,,V6B,Verenigde Staten,Den Haag,Vrije University Amsterdam,Talen & Cultuur,bezig met bachelors,No
2025-10-07 01:16:32,fleur.dehaan892@example.com,Fleur De Haan,,,,,,V6C,Frankrijk,Twente,Eindhoven University of Technology,Bèta & Techniek,Afgestudeert vwo/havo,No
2024-08-28 14:31:24,britt893@example.com,Britt Bakker,ASML,Physical Therapist,,,,V6B,Nederland,Delft,Delft University of Technology,Computer Science,bezig met bachelors,No
2025-03-18 03:51:07,hugo.gonzalez894@example.com,Hugo Gonzalez,EY,Managing Director,https://linkedin.com/in/hugo-gonzalez-894,,,V6B,Duitsland,Delft,Erasmus University Rotterdam,Bèta & Techniek,bezig met bachelors,No
2023-01-31 21:59:25,guusk895@example.com,Guus Kuipers,Rabobank,Intern,,,,V6A,Verenigde Staten,Eindhoven,Vrije University Amsterdam,Economie & Business,bezig met bachelors,No
2023-12-01 03:58:37,danielj896@example.com,Daniel Johnson,,Doctor,,,Detail-oriented professional with a background in Bèta & Techniek. Currently doctor at a leading organization.,V6C,Verenigde Staten,Den Haag,Leiden University,Bèta & Techniek,bezig met masters,No
2026-03-29 01:45:28,roos.vanderwal897@example.com,Roos Van der Wal,,Architect,,,,V6C,Duitsland,Amsterdam,Vrije University Amsterdam,Gezondheidszorg & Geneeskunde,bezig met bachelors,No
2025-10-01 16:09:02,eva.lee898@example.com,Eva Lee,,,,https://evalee898.com,,V6A,Engeland,Eindhoven,Eindhoven University of Technology,Rechten,Afgestudeert vwo/havo,Yes
2024-12-10 03:02:24,sem.willems899@example.com,Sem Willems,Apple,Data Analyst,https://linkedin.com/in/sem-willems-899,,,V6A,Duitsland,Delft,Erasmus University Rotterdam,Economie & Business,Afgestudeert vwo/havo,Yes
2023-05-29 17:11:18,fenna.smith900@example.com,Fenna Smith,Tesla,Machine Learning Engineer,https://linkedin.com/in/fenna-smith-900,,Recent graduate from Leiden University with a degree in Economie & Business. Now working as machine learning engineer at Tesla.,V6B,Verenigde Staten,Amsterdam,Leiden University,Economie & Business,Afgestudeert vwo/havo,No
2024-05-06 00:08:28,brouwer.n901@example.com,Naomi Brouwer,Apple,CTO,https://linkedin.com/in/naomi-brouwer-901,,Innovative thinker and cto with a track record in educational technology. Alumni of Erasmus University Rotterdam.,V6B,Engeland,Den Haag,Erasmus University Rotterdam,Gezondheidszorg & Geneeskunde,bezig met masters,No
2023-02-20 01:24:20,fleurv902@example.com,Fleur Van der Velden,Google,Graphic Designer,https://linkedin.com/in/fleur-van-der-velden-902,,,V6C,Engeland,Delft,Leiden University,Computer Science,bezig met masters,No
2025-12-08 03:21:12,guus.dekker903@example.com,Guus Dekker,,Security Engineer,https://linkedin.com/in/guus-dekker-903,,,V6A,Nederland,Amsterdam,Erasmus University Rotterdam,Gezondheidszorg & Geneeskunde,bezig met bachelors,Yes
2025-03-12 17:45:07,sem.brouwer904@example.com,Sem Brouwer,,,https://linkedin.com/in/sem-brouwer-904,https://sembrouwer904.com,Alumni from Vrije University Amsterdam specializing in Rechten. Working as professional with a passion for expanding market reach.,V6B,Engeland,Amsterdam,Vrije University Amsterdam,Rechten,bezig met masters,No
2026-10-14 21:38:04,thomas.m905@example.com,Milou Thomas,Arcadis,,,,,V6B,Engeland,Den Haag,University of Twente,Economie & Business,Afgestudeert vwo/havo,No
2026-09-08 13:12:51,lucasd906@example.com,Lucas Davis,,Managing Director,,https://lucasdavis906.com,,V6A,Verenigde Staten,Amsterdam,Erasmus University Rotterdam,Rechten,bezig met masters,Yes
2022-03-06 02:27:45,eva.martin907@example.com,Eva Martin,Philips,,https://linkedin.com/in/eva-martin-907,,Creative problem-solver working as professional at Philips. Graduated from University of Twente in 2022.,V6B,Verenigde Staten,Den Haag,University of Twente,Bèta & Techniek,bezig met bachelors,No
2025-07-18 10:11:44,levi908@example.com,Levi Martens,Tauw,IT Support,https://linkedin.com/in/levi-martens-908,,,V6A,Engeland,Den Haag,Vrije University Amsterdam,Economie & Business,bezig met bachelors,Yes
2026-10-10 20:16:48,peters.c909@example.com,Clara Peters,AkzoNobel,,,,,V6A,Nederland,Twente,University of Twente,Rechten,Afgestudeert vwo/havo,No
2026-10-12 14:14:19,pimw910@example.com,Pim White,,,https://linkedin.com/in/pim-white-910,,,V6C,Frankrijk,Eindhoven,Erasmus University Rotterdam,Computer Science,bezig met bachelors,Yes
2025-04-30 15:20:25,lieke.anderson911@example.com,Lieke Anderson,VolkerWessels,Biomedical Engineer,https://linkedin.com/in/lieke-anderson-911,,,V6C,Duitsland,Den Haag,Vrije University Amsterdam,Bèta & Techniek,Afgestudeert vwo/havo,No
2023-06-23 12:43:36,williams.s912@example.com,Sofia Williams,Startup,Quality Assurance,https://linkedin.com/in/sofia-williams-912,,,V6C,Duitsland,Delft,Leiden University,Bèta & Techniek,bezig met bachelors,Yes
2025-08-05 19:50:50,hendriks.l913@example.com,Lara Hendriks,Booking.com,Postdoc Researcher,https://linkedin.com/in/lara-hendriks-913,,Detail-oriented professional with a background in Computer Science. Currently postdoc researcher at Booking.com.,V6B,Nederland,Den Haag,Eindhoven University of Technology,Computer Science,bezig met bachelors,Yes
2025-07-16 11:28:23,sophiev914@example.com,Sophie Visser,,Marketing Manager,https://linkedin.com/in/sophie-visser-914,,"Ambitious marketing manager focused on developing innovative products. Former student at Eindhoven University of Technology, now making an impact at a leading organization.",V6A,Duitsland,Eindhoven,Eindhoven University of Technology,Bèta & Techniek,bezig met masters,No
2025-11-13 09:18:00,omar915@example.com,Omar Van Driel,,Sales Representative,,,,V6A,Verenigde Staten,Amsterdam,Leiden University,Gezondheidszorg & Geneeskunde,Afgestudeert vwo/havo,No
2025-02-05 21:55:48,lucasv916@example.com,Lucas Van Loon,,,https://linkedin.com/in/lucas-van-loon-916,,,V6A,Nederland,Den Haag,University of Twente,Bèta & Techniek,Afgestudeert vwo/havo,No
2023-01-19 19:16:26,sannev917@example.com,Sanne Van der Laan,Vopak,,https://linkedin.com/in/sanne-van-der-laan-917,,,V6A,Verenigde Staten,Eindhoven,Eindhoven University of Technology,Economie & Business,bezig met masters,Yes
2022-08-28 19:35:28,dekker.m918@example.com,Max Dekker,Rabobank,,,,"Ambitious professional focused on pioneering new research. Former student at Eindhoven University of Technology, now making an impact at Rabobank.",V6A,Nederland,Twente,Eindhoven University of Technology,Economie & Business,Afgestudeert vwo/havo,Yes
2023-02-04 23:47:49,saarj919@example.com,Saar Jacobs,Fugro,Network Engineer,https://linkedin.com/in/saar-jacobs-919,https://saarjacobs919.com,,V6A,Engeland,Delft,Vrije University Amsterdam,Economie & Business,Afgestudeert vwo/havo,No
2026-08-18 16:15:31,lynnh920@example.com,Lynn Hoekstra,,,https://linkedin.com/in/lynn-hoekstra-920,,,V6A,Verenigde Staten,Eindhoven,Leiden University,Talen & Cultuur,Afgestudeert vwo/havo,Yes
2026-10-29 12:13:39,vanloon.d921@example.com,Dylan Van Loon,,Software Engineer,,,,V6C,Frankrijk,Eindhoven,Leiden University,Rechten,bezig met masters,No
2026-10-30 08:20:32,hugod922@example.com,Hugo Dekker,Tesla,,https://linkedin.com/in/hugo-dekker-922,,,V6B,Duitsland,Den Haag,Erasmus University Rotterdam,Economie & Business,bezig met bachelors,Yes
2024-11-30 18:05:22,thomas.johnson923@example.com,Thomas Johnson,Apple,Business Development,https://linkedin.com/in/thomas-johnson-923,,Creative problem-solver working as business development at Apple. Graduated from Vrije University Amsterdam in 2024.,V6A,Verenigde Staten,Eindhoven,Vrije University Amsterdam,Economie & Business,bezig met bachelors,Yes
2023-02-18 10:14:19,jesse.davis924@example.com,Jesse Davis,Strukton,,https://linkedin.com/in/jesse-davis-924,,,V6C,Nederland,Den Haag,University of Twente,Computer Science,bezig met bachelors,Yes
2024-11-22 20:04:56,vanderburg.d925@example.com,Dylan Van der Burg,Databricks,Data Analyst,https://linkedin.com/in/dylan-van-der-burg-925,,,V6C,Duitsland,Delft,Leiden University,Talen & Cultuur,Afgestudeert vwo/havo,Yes
2023-06-04 19:34:43,vanderzanden.m926@example.com,Milan Van der Zanden,Heineken,Electrical Engineer,,,,V6A,Verenigde Staten,Amsterdam,University of Twente,Talen & Cultuur,bezig met masters,Yes
2026-10-01 12:35:13,miaw927@example.com,Mia Williams,Heineken,CFO,https://linkedin.com/in/mia-williams-927,,,V6B,Engeland,Amsterdam,Erasmus University Rotterdam,Bèta & Techniek,Afgestudeert vwo/havo,Yes
2023-06-05 14:01:20,james.jacobs928@example.com,James Jacobs,Deloitte,Customer Success Manager,,,,V6A,Duitsland,Delft,Vrije University Amsterdam,Gezondheidszorg & Geneeskunde,bezig met bachelors,No
2023-08-06 23:18:08,david.jacobs929@example.com,David Jacobs,SpaceX,CEO,,,,V6B,Engeland,Twente,Vrije University Amsterdam,Gezondheidszorg & Geneeskunde,bezig met bachelors,Yes
2026-09-29 15:36:01,jacobs.j930@example.com,Julia Jacobs,Palantir,,,,Passionate professional with a strong background in data analytics. Currently working at Palantir where I focus on reducing environmental impact.,V6B,Verenigde Staten,Amsterdam,Leiden University,Bèta & Techniek,Afgestudeert vwo/havo,Yes
2026-01-15 12:08:02,vandermark.y931@example.com,Yara Van der Mark,Aerius,UX Designer,,,,V6A,Engeland,Eindhoven,Eindhoven University of Technology,Computer Science,bezig met bachelors,Yes
2024-03-07 20:16:48,hanad932@example.com,Hana De Wit,,Junior Analyst,,,,V6C,Duitsland,Eindhoven,Delft University of Technology,Gezondheidszorg & Geneeskunde,Afgestudeert vwo/havo,Yes
2023-08-18 06:09:16,guus.moore933@example.com,Guus Moore,,Postdoc Researcher,,,,V6B,Frankrijk,Eindhoven,Eindhoven University of Technology,Computer Science,Afgestudeert vwo/havo,Yes
2023-11-19 16:42:09,vandermark.s934@example.com,Sofia Van der Mark,Royal HaskoningDHV,Supply Chain Analyst,,https://sofiavandermark934.com,,V6B,Duitsland,Amsterdam,Eindhoven University of Technology,Talen & Cultuur,bezig met masters,No
2023-06-17 07:13:33,liekev935@example.com,Lieke Van der Zee,Consultant,Postdoc Researcher,https://linkedin.com/in/lieke-van-der-zee-935,,,V6A,Frankrijk,Twente,Delft University of Technology,Economie & Business,bezig met masters,No
2024-09-29 13:24:30,smit.t936@example.com,Tessa Smit,,Doctor,https://linkedin.com/in/tessa-smit-936,,Innovative thinker and doctor with a track record in cybersecurity. Alumni of Delft University of Technology.,V6A,Nederland,Delft,Delft University of Technology,Bèta & Techniek,Afgestudeert vwo/havo,Yes
2025-03-04 09:59:04,james.vanderspoel937@example.com,James Van der Spoel,,PhD Candidate,,,"Ambitious phd candidate focused on enhancing customer satisfaction. Former student at Vrije University Amsterdam, now making an impact at a leading organization.",V6C,Nederland,Amsterdam,Vrije University Amsterdam,Talen & Cultuur,bezig met bachelors,No
2026-03-11 20:08:12,lara938@example.com,Lara Van der Spoel,Philips,Sales Representative,,,Creative problem-solver working as sales representative at Philips. Graduated from Leiden University in 2026.,V6A,Engeland,Twente,Leiden University,Talen & Cultuur,bezig met masters,Yes
2026-06-02 06:40:44,mia.thompson939@example.com,Mia Thompson,,Founder,,,,V6A,Frankrijk,Twente,Vrije University Amsterdam,Bèta & Techniek,Afgestudeert vwo/havo,No
2023-04-21 08:10:00,luuk940@example.com,Luuk Janssen,EY,Consultant,,,,V6B,Engeland,Amsterdam,Eindhoven University of Technology,Bèta & Techniek,bezig met masters,Yes
2026-12-30 08:01:07,peters.l941@example.com,Lisa Peters,Uber,,https://linkedin.com/in/lisa-peters-941,,Passionate professional with a strong background in educational technology. Currently working at Uber where I focus on empowering teams.,V6B,Duitsland,Eindhoven,Eindhoven University of Technology,Talen & Cultuur,bezig met masters,Yes
2022-08-11 20:51:33,mulder.z942@example.com,Zoe Mulder,Google,Biomedical Engineer,https://linkedin.com/in/zoe-mulder-942,,,V6C,Verenigde Staten,Twente,Leiden University,Bèta & Techniek,bezig met masters,Yes
2025-01-25 15:01:25,oscarj943@example.com,Oscar Jones,SpaceX,Architect,https://linkedin.com/in/oscar-jones-943,,,V6C,Engeland,Eindhoven,Vrije University Amsterdam,Economie & Business,bezig met bachelors,Yes
2026-05-13 17:08:43,isabella.groen944@example.com,Isabella Groen,Heijmans,Postdoc Researcher,https://linkedin.com/in/isabella-groen-944,,,V6A,Engeland,Amsterdam,Erasmus University Rotterdam,Rechten,bezig met bachelors,No
2023-02-07 19:28:28,saar945@example.com,Saar Janssen,Consultant,Security Engineer,,,,V6A,Duitsland,Delft,Leiden University,Talen & Cultuur,Afgestudeert vwo/havo,No
2025-08-11 14:56:00,hanab946@example.com,Hana Bakker,Brekke,Junior Analyst,https://linkedin.com/in/hana-bakker-946,,,V6B,Engeland,Amsterdam,Vrije University Amsterdam,Rechten,bezig met masters,No
2026-08-01 00:17:48,yarav947@example.com,Yara Van der Zanden,Bosch,Compliance Officer,https://linkedin.com/in/yara-van-der-zanden-947,,,V6A,Duitsland,Eindhoven,Erasmus University Rotterdam,Talen & Cultuur,bezig met masters,No
2025-05-02 18:33:02,alir948@example.com,Ali Rodriguez,Uber,Partner,https://linkedin.com/in/ali-rodriguez-948,,Passionate partner with a strong background in cloud computing. Currently working at Uber where I focus on creating sustainable solutions.,V6B,Frankrijk,Delft,University of Twente,Economie & Business,bezig met bachelors,No
2024-10-09 19:17:38,danielt949@example.com,Daniel Taylor,Zelfstandig,,https://linkedin.com/in/daniel-taylor-949,,,V6C,Nederland,Delft,Delft University of Technology,Economie & Business,bezig met bachelors,Yes
2022-08-19 17:34:31,rodriguez.b950@example.com,Boaz Rodriguez,Antea Group,Civil Engineer,https://linkedin.com/in/boaz-rodriguez-950,,Innovative thinker and civil engineer with a track record in cybersecurity. Alumni of Delft University of Technology.,V6B,Duitsland,Eindhoven,Delft University of Technology,Talen & Cultuur,bezig met bachelors,Yes
2022-11-03 11:40:16,amy951@example.com,Amy Anderson,Royal HaskoningDHV,,,,,V6B,Frankrijk,Eindhoven,Eindhoven University of Technology,Talen & Cultuur,bezig met bachelors,No
2024-04-04 04:25:07,max952@example.com,Max De Vries,Apple,Actuary,https://linkedin.com/in/max-de-vries-952,,Results-oriented actuary with 3 years of experience in supply chain optimization. Based in Delft.,V6C,Engeland,Delft,Leiden University,Rechten,Afgestudeert vwo/havo,Yes
2025-09-20 05:56:59,williamp953@example.com,William Perez,,Social Media Manager,https://linkedin.com/in/william-perez-953,,,V6B,Frankrijk,Eindhoven,Leiden University,Rechten,Afgestudeert vwo/havo,Yes
2024-02-10 06:08:48,livd954@example.com,Liv Dekker,AkzoNobel,,,,,V6B,Engeland,Delft,Eindhoven University of Technology,Rechten,bezig met bachelors,Yes
2025-07-20 11:59:19,fleur.visser955@example.com,Fleur Visser,Scale-up,,https://linkedin.com/in/fleur-visser-955,,"Ambitious professional focused on creating sustainable solutions. Former student at Delft University of Technology, now making an impact at Scale-up.",V6C,Engeland,Amsterdam,Delft University of Technology,Bèta & Techniek,Afgestudeert vwo/havo,Yes
2023-02-13 01:44:05,juliad956@example.com,Julia De Groot,Amazon,Data Scientist,,,Passionate data scientist with a strong background in artificial intelligence. Currently working at Amazon where I focus on reducing environmental impact.,V6A,Engeland,Delft,Erasmus University Rotterdam,Computer Science,bezig met bachelors,Yes
2026-03-09 21:31:08,anna957@example.com,Anna Johnson,Microsoft,Logistics Coordinator,,,,V6B,Frankrijk,Delft,University of Twente,Rechten,bezig met bachelors,No
2024-02-26 13:28:54,sofial958@example.com,Sofia Lopez,Ballast Nedam,Urban Planner,https://linkedin.com/in/sofia-lopez-958,,,V6B,Duitsland,Delft,University of Twente,Gezondheidszorg & Geneeskunde,bezig met bachelors,No
2025-09-21 12:14:53,kok.s959@example.com,Sam Kok,,Entrepreneur,,,"Ambitious entrepreneur focused on developing innovative products. Former student at Eindhoven University of Technology, now making an impact at a leading organization.",V6A,Engeland,Twente,Eindhoven University of Technology,Rechten,Afgestudeert vwo/havo,No
2024-10-04 14:01:44,rodriguez.l960@example.com,Lynn Rodriguez,TomTom,,https://linkedin.com/in/lynn-rodriguez-960,https://lynnrodriguez960.com,Passionate professional with a strong background in business intelligence. Currently working at TomTom where I focus on enhancing customer satisfaction.,V6C,Nederland,Amsterdam,Vrije University Amsterdam,Talen & Cultuur,Afgestudeert vwo/havo,Yes
2025-04-22 07:21:32,liekem961@example.com,Lieke Martinez,BAM Groep,Journalist,,https://liekemartinez961.com,Recent graduate from Delft University of Technology with a degree in Computer Science. Now working as journalist at BAM Groep.,V6C,Nederland,Eindhoven,Delft University of Technology,Computer Science,bezig met bachelors,No
2025-03-26 10:42:46,fleur962@example.com,Fleur Smits,,,https://linkedin.com/in/fleur-smits-962,,,V6C,Verenigde Staten,Eindhoven,Leiden University,Computer Science,Afgestudeert vwo/havo,No
2026-10-24 20:06:39,sem.thompson963@example.com,Sem Thompson,Snowflake,,https://linkedin.com/in/sem-thompson-963,,Passionate professional with a strong background in urban planning. Currently working at Snowflake where I focus on bridging technology and society.,V6C,Engeland,Eindhoven,Vrije University Amsterdam,Bèta & Techniek,bezig met bachelors,Yes
2023-02-21 08:12:15,dejong.c964@example.com,Casper De Jong,Databricks,Interpreter,https://linkedin.com/in/casper-de-jong-964,https://casperdejong964.com,,V6A,Frankrijk,Eindhoven,University of Twente,Talen & Cultuur,bezig met masters,No
2025-07-19 21:12:07,maxm965@example.com,Max Miller,Deloitte,Mechanical Engineer,,,,V6B,Nederland,Twente,Erasmus University Rotterdam,Bèta & Techniek,Afgestudeert vwo/havo,Yes
2025-09-03 04:52:46,sofia.janssen966@example.com,Sofia Janssen,BAM Groep,Software Engineer,https://linkedin.com/in/sofia-janssen-966,,,V6B,Engeland,Twente,Eindhoven University of Technology,Economie & Business,Afgestudeert vwo/havo,Yes
2025-02-03 00:44:44,sofia.devries967@example.com,Sofia De Vries,,Logistics Coordinator,,,,V6C,Verenigde Staten,Eindhoven,Leiden University,Gezondheidszorg & Geneeskunde,bezig met masters,Yes
2026-06-07 00:08:28,fennah968@example.com,Fenna Hernandez,Grontmij,PhD Candidate,https://linkedin.com/in/fenna-hernandez-968,,Passionate phd candidate with a strong background in biomedical research. Currently working at Grontmij where I focus on automating workflows.,V6A,Nederland,Amsterdam,Erasmus University Rotterdam,Computer Science,Afgestudeert vwo/havo,No
2026-06-02 14:54:28,thomas.e969@example.com,Elena Thomas,TomTom,Business Analyst,https://linkedin.com/in/elena-thomas-969,,Alumni from Leiden University specializing in Economie & Business. Working as business analyst with a passion for driving data-driven decisions.,V6C,Engeland,Twente,Leiden University,Economie & Business,Afgestudeert vwo/havo,Yes
2024-08-06 03:24:11,david970@example.com,David Van Veen,Databricks,Project Manager,https://linkedin.com/in/david-van-veen-970,,Creative problem-solver working as project manager at Databricks. Graduated from Eindhoven University of Technology in 2024.,V6C,Duitsland,Eindhoven,Eindhoven University of Technology,Economie & Business,bezig met masters,Yes
2025-09-22 21:53:44,sarah971@example.com,Sara Hernandez,Airbnb,,https://linkedin.com/in/sara-hernandez-971,https://sarahernandez971.com,"Ambitious professional focused on building scalable systems. Former student at Vrije University Amsterdam, now making an impact at Airbnb.",V6A,Frankrijk,Twente,Vrije University Amsterdam,Bèta & Techniek,bezig met masters,Yes
2024-09-29 10:50:49,thomas.r972@example.com,Roos Thomas,Snowflake,,https://linkedin.com/in/roos-thomas-972,,Results-oriented professional with 4 years of experience in quantitative analysis. Based in Den Haag.,V6A,Frankrijk,Den Haag,Erasmus University Rotterdam,Economie & Business,Afgestudeert vwo/havo,Yes
2025-02-15 17:46:32,jayden973@example.com,Jayden De Vries,,Software Engineer,,,"Ambitious software engineer focused on driving data-driven decisions. Former student at Delft University of Technology, now making an impact at a leading organization.",V6C,Duitsland,Den Haag,Delft University of Technology,Talen & Cultuur,bezig met bachelors,No
2026-06-19 05:24:50,dejong.z974@example.com,Zainab De Jong,AkzoNobel,,https://linkedin.com/in/zainab-de-jong-974,,,V6C,Frankrijk,Den Haag,Leiden University,Economie & Business,bezig met masters,No
2025-11-21 06:50:30,vanderlinden.m975@example.com,Max Van der Linden,TomTom,Architect,,,,V6A,Nederland,Eindhoven,Leiden University,Computer Science,bezig met bachelors,No
2026-12-15 22:24:26,elinj976@example.com,Elin Jones,ABN AMRO,IT Support,https://linkedin.com/in/elin-jones-976,https://elinjones976.com,,V6C,Nederland,Amsterdam,Delft University of Technology,Computer Science,bezig met bachelors,Yes
2022-07-22 00:20:30,smit.f977@example.com,Fleur Smit,Rabobank,Account Manager,,,,V6C,Frankrijk,Delft,University of Twente,Gezondheidszorg & Geneeskunde,Afgestudeert vwo/havo,Yes
2022-08-12 01:25:55,rosav978@example.com,Rosa Van der Stelt,Shopify,Managing Director,,,,V6B,Nederland,Twente,Delft University of Technology,Economie & Business,bezig met bachelors,Yes
2026-03-30 07:38:26,emmaj979@example.com,Emma Jackson,,,https://linkedin.com/in/emma-jackson-979,,,V6A,Duitsland,Den Haag,Eindhoven University of Technology,Economie & Business,bezig met masters,Yes
2025-03-30 03:49:28,julia.janssen980@example.com,Julia Janssen,SpaceX,Data Scientist,https://linkedin.com/in/julia-janssen-980,,"Experienced data scientist dedicated to developing innovative products. Alumni of Vrije University Amsterdam, class of 2025.",V6C,Nederland,Eindhoven,Vrije University Amsterdam,Gezondheidszorg & Geneeskunde,bezig met masters,No
2023-05-01 17:22:30,stijnv981@example.com,Stijn Van Loon,Brekke,,,,Recent graduate from University of Twente with a degree in Bèta & Techniek. Now working as professional at Brekke.,V6C,Nederland,Eindhoven,University of Twente,Bèta & Techniek,Afgestudeert vwo/havo,No
2026-02-28 19:00:01,tess.verbeek982@example.com,Tess Verbeek,Airbnb,Physical Therapist,https://linkedin.com/in/tess-verbeek-982,,,V6A,Duitsland,Twente,Leiden University,Bèta & Techniek,Afgestudeert vwo/havo,No
2026-05-04 11:13:27,mila983@example.com,Mila Van der Burg,,Trader,https://linkedin.com/in/mila-van-der-burg-983,,Creative problem-solver working as trader at a leading organization. Graduated from Vrije University Amsterdam in 2026.,V6A,Duitsland,Delft,Vrije University Amsterdam,Bèta & Techniek,Afgestudeert vwo/havo,No
2024-06-03 04:55:20,iris984@example.com,Iris Smit,Databricks,,,,,V6B,Duitsland,Twente,Vrije University Amsterdam,Gezondheidszorg & Geneeskunde,bezig met bachelors,Yes
2026-02-08 17:32:59,pim.martens985@example.com,Pim Martens,,,,,Recent graduate from University of Twente with a degree in Economie & Business. Now working as professional at a leading organization.,V6A,Engeland,Delft,University of Twente,Economie & Business,bezig met masters,Yes
2026-05-03 09:11:48,benjamin.taylor986@example.com,Benjamin Taylor,Royal HaskoningDHV,,https://linkedin.com/in/benjamin-taylor-986,,,V6C,Verenigde Staten,Den Haag,University of Twente,Economie & Business,bezig met bachelors,No
2022-02-13 02:32:13,maryam.hendriks987@example.com,Maryam Hendriks,,Physical Therapist,https://linkedin.com/in/maryam-hendriks-987,,,V6C,Duitsland,Amsterdam,Delft University of Technology,Rechten,bezig met bachelors,Yes
2022-06-22 00:31:15,daniel988@example.com,Daniel Martens,,PhD Candidate,https://linkedin.com/in/daniel-martens-988,,,V6C,Duitsland,Amsterdam,Eindhoven University of Technology,Gezondheidszorg & Geneeskunde,Afgestudeert vwo/havo,No
2025-08-13 20:28:05,lisa989@example.com,Lisa Thomas,BAM Groep,HR Specialist,https://linkedin.com/in/lisa-thomas-989,,,V6B,Frankrijk,Den Haag,Leiden University,Computer Science,Afgestudeert vwo/havo,Yes
2026-09-11 23:10:26,fleurv990@example.com,Fleur Van Loon,,,https://linkedin.com/in/fleur-van-loon-990,,,V6C,Duitsland,Amsterdam,Delft University of Technology,Bèta & Techniek,bezig met bachelors,Yes
2022-07-09 02:10:10,guusj991@example.com,Guus Jackson,,Translator,,,Innovative thinker and translator with a track record in quantitative analysis. Alumni of Leiden University.,V6B,Verenigde Staten,Amsterdam,Leiden University,Talen & Cultuur,Afgestudeert vwo/havo,Yes
2026-07-14 13:13:41,wilson.k992@example.com,Kevin Wilson,,,https://linkedin.com/in/kevin-wilson-992,https://kevinwilson992.com,,V6B,Engeland,Twente,Leiden University,Economie & Business,bezig met masters,Yes
2022-03-04 09:38:49,maryamb993@example.com,Maryam Brouwer,Sweco,Operations Manager,,https://maryambrouwer993.com,,V6B,Engeland,Twente,Eindhoven University of Technology,Rechten,bezig met bachelors,No
2023-03-27 22:52:26,emily994@example.com,Emily De Haan,Uber,Research Scientist,https://linkedin.com/in/emily-de-haan-994,,,V6C,Nederland,Den Haag,University of Twente,Bèta & Techniek,bezig met masters,Yes
2023-02-28 19:46:22,benjamin.mulder995@example.com,Benjamin Mulder,Unilever,Investment Banker,,https://benjaminmulder995.com,Recent graduate from Vrije University Amsterdam with a degree in Talen & Cultuur. Now working as investment banker at Unilever.,V6A,Nederland,Eindhoven,Vrije University Amsterdam,Talen & Cultuur,bezig met masters,No
2026-12-01 06:20:25,gijsv996@example.com,Gijs Van Veen,ASML,Security Engineer,,,,V6B,Duitsland,Eindhoven,Vrije University Amsterdam,Bèta & Techniek,bezig met bachelors,No
2022-06-29 09:37:39,thomas.n997@example.com,Nora Thomas,Uber,Editor,https://linkedin.com/in/nora-thomas-997,,,V6A,Nederland,Den Haag,Eindhoven University of Technology,Gezondheidszorg & Geneeskunde,bezig met bachelors,Yes
2025-08-25 02:55:07,emma.vanderspoel998@example.com,Emma Van der Spoel,Microsoft,,https://linkedin.com/in/emma-van-der-spoel-998,,"Experienced professional dedicated to advancing medical technology. Alumni of Eindhoven University of Technology, class of 2025.",V6A,Verenigde Staten,Den Haag,Eindhoven University of Technology,Computer Science,Afgestudeert vwo/havo,Yes
2026-12-09 00:56:52,wilson.f999@example.com,Floris Wilson,Apple,Portfolio Manager,https://linkedin.com/in/floris-wilson-999,https://floriswilson999.com,,V6B,Verenigde Staten,Eindhoven,Leiden University,Gezondheidszorg & Geneeskunde,bezig met masters,Yes

